INCIDENCECODE,CLUSTER
100528889087,0
1007314995715,1
1014902821262,1
1017842527711,1
1018909157155_0,1
1018909157155_1,2
1022353900726,3
1024796026082_0,4
1024796026082_1,4
1026362296318_1,-1
1032058273483,5
1032523929451_0,6
1032523929451_1,7
1033769207982_1,8
1033769207982_2,8
1036294620514_1,-1
1041776938910_1,9
1041776938910_2,8
1041776938910_3,8
1044626769953,10
1046480399812,-1
1049262507382_0,11
1049262507382_1,12
1049262507382_2,13
1051791715381,-1
105613796720_0,-1
105613796720_1,-1
105613796720_2,-1
105613796720_3,4
105613796720_4,4
105613796720_5,-1
1057827755372,14
1059063774211_1,15
1061225447191,-1
1063965100685,1
1066939042652_0,4
1066939042652_1,4
1068470745703,16
1073457361521,1
1075960733328_0,-1
1075960733328_1,-1
1075960733328_2,17
1080318735722_0,18
1080318735722_1,5
108204208405,19
1086214712990,4
1087122983555_0,20
1087122983555_1,-1
1092110887512,16
1095579806308_0,18
1095579806308_1,-1
1097176519054,-1
1097948578620_1,4
1099843598406_0,7
1099843598406_1,3
1099883759301,1
1103859887039,-1
1107134880894_0,9
1107134880894_1,13
1107134880894_2,-1
1108943320434,3
1114684862549_0,21
1114684862549_1,-1
1116021803513,22
112217671251,-1
1124296186622_0,-1
1124296186622_1,3
1129622993686_0,4
1129622993686_1,4
1134141922165,-1
113629196665_0,23
113629196665_1,24
1136450319668,1
1142204276811_0,4
1142204276811_1,25
1144715334968_0,4
1144715334968_1,4
1144801452253,0
1145564612733,4
1146870990725,24
1150412024100_0,4
1150412024100_1,4
1153870713968,1
1155430416610,-1
1155698800056,9
1157491307388,4
1162137020528_1,26
1162137020528_2,27
1162667935943,9
1162780823360,1
1163606094197,16
1172832090995_0,6
1172832090995_1,5
1172985468662,28
1178621100870,18
1183105029730,16
11851705110,-1
1192650505639,4
1192730211867_0,25
1192730211867_1,29
1201523482192_0,4
1201523482192_1,5
1201523482192_2,-1
1205920582657_1,30
1205920582657_2,31
1205920582657_3,25
1206549323283_1,32
1209262915041_0,13
1209262915041_1,33
121234162884,18
1215171839927,16
1216305769895,1
122213356152_0,34
122213356152_1,3
1232484966560,2
1236909075622_1,24
1242453586796_1,35
1251025306368_1,36
1255324969195,2
1255858822998,1
1258203748971,1
1259204070591_1,37
1261385571404_0,28
1261385571404_1,1
1265622226823,-1
1270372031775,16
1276211575150_0,5
1276211575150_1,38
128440559388_0,39
128440559388_1,17
128685049804,4
1288179028437_0,-1
1288179028437_1,-1
1304617187137,40
1306106974101,18
1307930313586,41
1311622146197_1,-1
1311622146197_2,42
1311622146197_3,5
1311622146197_4,43
1311622146197_5,-1
131449352049,44
1316612507478_0,9
1316612507478_1,34
1316612507478_2,-1
1316612507478_3,45
1319823649206,-1
1322658098007,45
132426234616,16
1325142123610,18
132582849876_0,46
132582849876_1,47
1327311148596_1,24
1343869542518,4
1353316669332,1
1357728793140,-1
1358400875110,48
1360718971187_1,49
1365927753479,18
13663315097,-1
1366485088744,50
1366573901991,16
1367986211190,4
1373753233182,16
1375197001669,4
1375944211751,1
1380389416762_0,28
1380389416762_1,4
1381305563333,40
1382412420222,12
1387918661811_1,16
1388942782993,51
1398178088884_0,25
1398178088884_1,-1
1405985474759,9
1408870330759_1,52
1408870330759_2,53
1409139727842,4
141148153079,4
1411818318686,-1
1412177060745_1,-1
1414101342335,0
1421852363413,54
1422439079816_0,28
1422439079816_1,15
1424132422363,1
1425666168071,16
1433084635272,55
1435259886128,4
1438053356376_1,55
1438069199560,1
1439287998597,56
1441410703010,16
1452024795840,1
1452746036184,9
1453159653180,-1
1453576199100,4
1453858771085_1,-1
1457583849386_1,3
1457583849386_2,5
1457583849386_3,57
1461807253251,1
14633891728_1,32
1465287053674,-1
146709919904_0,58
146709919904_1,3
1467879305360_0,-1
1467879305360_1,43
1467879305360_2,59
1467879305360_3,4
1469900641107,-1
1471361367924,24
1471834394098,-1
1472275691416,1
1473710772375,16
1478369640691,60
1494135332395_1,-1
1494430852953,18
1495372434992,16
1496627784868_1,-1
1509411071873,40
1511389725767,0
1513127336913,1
1514645864613_0,-1
1514645864613_1,-1
1515259047558,4
1516918319832,4
1519712680652,61
1525618083818_1,7
1525618083818_2,24
1526687065720,62
1532145512835,50
1535705070580,16
153715402013,1
1540555220419_0,4
1540555220419_1,4
1542460615750_1,24
1543017393095,16
154365400094_1,13
1550131826597_0,63
1550131826597_1,4
1550131826597_2,3
1552044319847,25
155289721923_1,64
1553842532048,-1
1557178957153,1
1557424651792,4
155809696287,65
1559178613369_0,3
1559178613369_1,46
1559178613369_2,7
1559178613369_3,3
1559190566912_0,25
1559190566912_1,4
1559496925502,1
1559607604441,33
157157004615_0,63
157157004615_1,4
157157004615_2,3
1571891920618,66
1573405708139,67
1577656158578,1
1588662751750_1,-1
1589193263802,4
159004969304_0,14
159004969304_1,-1
159004969304_2,68
1598784843827_1,69
1598784843827_2,5
1598784843827_3,70
160132769620,18
1602013932872,40
1602088116489,71
1602980670362,60
1611436909945,72
1613996307301_1,-1
1623048549820,19
1623661837173,73
1625727400694,-1
1625906441600_1,-1
1625906441600_2,74
1628500326124_0,7
1628500326124_1,7
1628500326124_2,57
1630058727003_1,75
1631646182433,13
1634113588625,7
1639701386814,1
1647303889417_1,16
1654870984848,56
1657219194455_0,39
1657219194455_1,17
1666868628102_0,-1
1666868628102_1,76
1674332854591,4
1677745925123,1
1679601162845,4
1680164339287_0,5
1680164339287_1,-1
1693590759667_0,-1
1693590759667_1,-1
1693590759667_2,-1
1693590759667_3,4
1693590759667_4,4
1693590759667_5,-1
1695257194033_1,4
1695257194033_2,77
1695257194033_3,4
1695257194033_4,78
1695779269989_1,4
1695779269989_2,3
1698595691740,1
1701654010777,-1
170419230106,7
1707067932788_1,4
1711694944626,1
1716080757161,79
1718986625566_1,4
1718986625566_2,80
1719906989782,-1
1720060812472_1,32
1721312455608_1,5
1721312455608_2,81
174560728759_0,9
174560728759_1,4
174560728759_2,-1
174560728759_3,82
174560728759_4,23
1750038060631_0,16
1750038060631_1,67
1752022030652_0,62
1752022030652_1,75
1752360619235,16
1755958980464,7
1760704876985,38
176535667557,1
1766695468357_0,9
1766695468357_1,82
1766695468357_2,23
1766695468357_3,-1
1766695468357_4,-1
1767933871411,4
1769473643355_0,39
1769473643355_1,17
178306204242,16
1786302265935,3
1786882140041_0,34
1786882140041_1,7
1787832694299,9
180101558480,83
1808489017974,16
181428488044_1,68
1814677210268,7
1815007183737_1,4
1816436203504,40
1817236149645,4
1829737873544,3
1838141318572_1,8
1838141318572_2,8
1851709855082_1,84
1853789212695_0,58
1853789212695_1,16
1855792171333,-1
1857943489038_1,-1
1858569290948_1,4
1860001684096,62
1865594521880,9
1867652356870,45
187386754087,1
1875587152367_0,85
1875587152367_1,24
1875961504063_1,37
1877651648730_0,5
1877651648730_1,-1
187776093241,86
1878430423958,45
1881871173313,16
1882005051184_1,5
1882005051184_2,-1
1882807668917,4
1888453632638,-1
1891246046284_0,87
1891246046284_1,17
1902296750648,88
1905554469090,89
1911902345979,1
1914158818100,21
1922182391696_1,-1
1923536262974_0,56
1923536262974_1,3
192909239883,18
1929284076507,4
1929602037561,18
1932507957968_0,-1
1932507957968_1,47
1934581205871,24
1937599550383,39
1939081892149,-1
1942753300278_0,63
1942753300278_1,4
1942753300278_2,3
1947638668333,16
1963054113968_0,-1
1963054113968_1,-1
1963756521353_1,46
1965713400978,1
1973873969353_1,45
1974036030545,4
1977554143522,-1
198346929528,90
1983779673312_0,-1
1983779673312_1,24
1987089165027,-1
1987978823948,18
1988655604090_1,4
1989176745858,38
1989301021845_0,4
1989301021845_1,53
1989301021845_2,53
1989301021845_3,74
1990593234616_0,85
1990593234616_1,24
1993135258282_1,32
1993870836218,16
2003603464495_0,4
2003603464495_1,-1
2007709017458_0,28
2007709017458_1,1
201179595980_1,-1
2019222346348,-1
2029596198729_0,-1
2029596198729_1,4
2029596198729_2,11
2029596198729_3,24
2033827211014_1,91
2037676362351,-1
2044006373970_0,81
2044006373970_1,1
2045083258317,4
2045262693713,48
2051374500364_0,30
2051374500364_1,92
2060511089099_0,4
2060511089099_1,-1
2064809836987,1
2066908662566_0,85
2066908662566_1,24
2067032898309_1,-1
2067673513390,-1
2067781397610,7
2068926808111,74
2080004310506,-1
2081786648386,-1
2083735973679,1
2094811826348,-1
2096088870690,-1
2099904842544,22
2105737998697,4
2108934202767_0,7
2108934202767_1,-1
21123691405,16
2121242848198,44
2122952177531_0,4
2122952177531_1,4
213171054581,51
2133091598603,4
2133094278117,4
2136497321345,46
2137121195738,56
2139291774205,4
2141277336893_1,9
214170168509,16
2144607634635,46
2145736342783,3
2148916617493,4
2149565602240,39
2150414544789,4
2150806825746,39
2153373131472,-1
215542268020_1,4
2155572821947_0,93
2155572821947_1,-1
2155572821947_2,93
2155572821947_3,45
2165232207950_0,-1
2165232207950_1,80
2165372467473_1,4
2165523236990,1
2165647009705,-1
2166326898462_1,25
2166852055750,81
217218275191_0,67
217218275191_1,16
2173900465664_0,9
2173900465664_1,7
2173900465664_2,85
2175714639168_0,7
2175714639168_1,-1
2176555988725,1
2193902212368_1,37
2196796624891_0,5
2196796624891_1,33
2198978346547,-1
219966756439,16
2203859470549,18
2204207080716,1
2208517959648_0,4
2208517959648_1,4
2208517959648_2,33
2210362861323_1,4
2211222752329,-1
2218192439667,-1
2218667539753,19
2222497037125,12
2223704259892,15
2224146725319,94
222615081477,14
2229690230473,1
2229997446628_1,-1
2229997446628_2,4
2233546997515,-1
2239282618897_1,4
2239957854547,-1
2248442597446,1
2249430766393,95
2259523388958,16
2264659521413_1,-1
2269120217343,-1
2270638957441,96
2274807444032_1,32
2280306934632,1
2284201139544,4
2284884864294_0,4
2284884864294_1,16
2285044415876_0,13
2285044415876_1,4
228558667949_0,76
228558667949_1,7
228558667949_2,4
228558667949_3,4
2290023863575_1,4
2290962937905,46
2292937122923_0,20
2292937122923_1,31
2295963054470_1,24
2296233712603,39
2299327033296,18
2303485873123,4
2306140704708,63
2308697884717_1,7
2308956536644_0,13
2308956536644_1,89
2314867731396_1,32
2316118487694_1,32
2320199414566,-1
2321020831829_1,-1
2323577393061_0,4
2323577393061_1,3
2327626483688,71
2332019095871_1,4
2332019095871_2,11
2332019095871_3,24
2338209718391_1,52
2338209718391_2,53
2338321476610,1
2339160280081,85
2341267876273,1
2341346352921,16
2342382200828_1,97
2348479019463,4
2352607632608,-1
2355852436227_0,47
2355852436227_1,-1
2360088057637_1,16
2362871878775,4
2373462043114_1,-1
2373462043114_2,98
2373618174331,16
2376117662161,4
2380335657684,24
2383181306519,-1
2386527588346,-1
238809393672_0,28
238809393672_1,4
2389184773544_1,37
2391133977338_0,4
2391133977338_1,7
2391133977338_2,13
2401105909813,4
2407340124478,61
2408135725704,76
2410619115719,1
2415458870042,25
2420039760176,-1
2420803257646_1,32
2422160362780_0,18
2422160362780_1,99
242658982932,86
2431616967136,4
2432741601339,7
2434700137644,4
2435318319348,-1
2435985873371,10
2437113822013,4
2440666403807_1,32
2442117509097,-1
2447547075626,28
2449465951122,4
2453030943573,24
2459201850660,9
2461213824114,16
2464101687616,-1
2464900223183,24
2466400408687_1,4
2466785140674_1,32
248399930091_1,4
2484644678921,7
248486613306_1,64
2493002292834,1
2495306433220,16
2496612235507_1,7
2496612235507_2,-1
250072781131,4
2502459061631,4
2503536588041,4
250490991760_0,4
250490991760_1,4
250490991760_2,100
2505789359205,1
2508302097750,16
2508477453069,-1
2512665216831,38
2517693982854,16
2523129513377_1,24
2529092117438_1,45
2529179590805,-1
2533020993331,4
2534716578235_1,13
2536284105243,10
2540586021775,16
254473322214_1,-1
255866550212_1,-1
2563692858574,-1
2567890145655_0,98
2567890145655_1,3
2573909126844_1,84
2579806583529_1,-1
258262770367_1,4
2583252187676,86
2584298107444,54
2585198056023,4
2586050481789,18
2587994554979,20
2588438618288,4
2595743769765_0,4
2595743769765_1,101
2598943685709,18
2602020854781,-1
2605616715144,4
2611122131150,16
2612838892662,45
2619634475810,-1
2626324898724,4
2628935009492,85
264437399657_0,4
264437399657_1,13
2647898512048,94
2648045855288,48
2648487729674,-1
2650646422833_1,3
2655064643193,13
2656829843608_0,39
2656829843608_1,17
2660964070602_0,31
2660964070602_1,36
266305686089,79
2667346120761,44
2667542135305_1,9
2669844754372,-1
2671681554907,4
2682371334632_1,3
2682914057920,42
2687893782094,1
269030687364_1,81
2694794104462,16
2697067692837_0,93
2697067692837_1,-1
2697067692837_2,93
2697067692837_3,45
2703036889089_1,4
2723495126518_1,-1
2723495126518_2,4
2730443036817_1,32
2736487247168,9
273850223506,1
2738668140032,18
2746121469474,1
274888394209_1,-1
2751764546320,45
2756943889127_0,28
2756943889127_1,100
2757744033345,16
2767248658549_1,4
276758911893,1
2768235984802_1,3
2769149541226_0,46
2769149541226_1,5
2769149541226_2,4
2772038166557_1,81
2774110340645,79
2790988226884,46
279199072482,-1
279229843969_1,-1
2795394888567,4
2795618734775,38
2797701207793,1
2799021065443,18
280030319655_1,4
2803350334672_1,4
2815254679127,3
2817689004463_0,-1
2817689004463_1,3
282472204443,-1
2827260647872_0,14
2827260647872_1,24
2830706563656,102
2834441311016_1,5
2834441311016_2,81
2844842752788,48
2851565023548,4
2859410972361_1,4
2861385306600_1,4
2862665384356_0,96
2862665384356_1,103
2871532324236,48
2873602463224_1,104
2876210948936,38
2876211517111,16
2876901745537,24
2877377645442,16
2881512775500,56
2885498551471_1,83
2885711606873,2
2894053703132,1
289523435926,-1
2896161627342_0,4
2896161627342_1,-1
2909436036019,54
2911086697291,16
2916860354200_1,102
2916860354200_2,20
2917634523044_1,96
2918001889467,9
292383953773,1
2924295973293,16
2927507195493_0,87
2927507195493_1,17
2929436089546_0,5
2929436089546_1,67
2930977597312,-1
2948289563143,1
2957046129705_1,7
2957677812859,4
2958035986309_1,-1
297624888145,1
2977843026461_1,-1
2977843026461_2,74
2979188782723_0,3
2979188782723_1,-1
2979582875607,16
2981468846774_0,-1
2981468846774_1,91
2982452882160,24
2990540708149,-1
2993983880832_1,3
2994147454362,86
3006481342185,15
3006740713428,36
3008039396470,4
3012084410014_1,32
3013919356959,-1
3015108418839,7
3021388771498_0,85
3021388771498_1,-1
3022801043354,89
3029811205088_1,-1
3029811205088_2,15
302990244207_0,4
302990244207_1,8
303055297060_1,105
303055297060_2,75
3030922893651_1,-1
3030922893651_2,-1
3032464273758_1,88
3034704810986,22
3035268380306_1,37
303930467096,77
3039716650752,22
3042080737384,-1
304525669670_1,85
304525669670_2,-1
304644352808,45
3046702291215_1,-1
3048252281521,38
3052040091334_1,5
3052040091334_2,4
3054780420118,1
3055713724278,4
3063705466971,16
3066082825756,54
3067638645138,16
3071311601084,-1
3077160917430_1,4
3078400522661,4
3079736801924,1
3082238778553_0,34
3082238778553_1,82
3082238778553_2,23
3084798148265,39
3089776039120_1,4
3100097403428,48
3105712743471,78
3108965933902,48
3117741044769_1,4
3124885491883_1,32
3128855379128_0,1
3128855379128_1,-1
3132684885773_0,9
3132684885773_1,82
3132684885773_2,23
3136459893145,4
313675818502,-1
3139653762238,76
3143630635275,75
3143962581263_0,28
3143962581263_1,85
3149247152014_1,43
3149247152014_2,59
3149247152014_3,4
3153380665036_0,87
3153380665036_1,17
3156993981160_1,47
3158099391483,45
315913012081,45
3171224973807_0,-1
3171224973807_1,-1
3172124076558,16
3174247745780,1
3174623524090_0,39
3174623524090_1,17
3184431623089_1,4
3195131444863,1
3195798495405,106
3196656004317,18
3196956107693_1,5
3196956107693_2,-1
3196956107693_3,103
3198393220064_1,-1
3203826994832,16
3204360560084,16
3205871440265_0,4
3205871440265_1,25
3205871440265_2,13
3205871440265_3,-1
3206348259145,39
3206689637561,-1
3214050431237,1
3232691226160,1
3239487775725_1,-1
3239487775725_2,106
3239487775725_3,58
3248696399715_0,9
3248696399715_1,9
3249977575350,48
3250139736372,4
3255949467679,16
3257300937221,39
3259624511337_0,11
3259624511337_1,12
3259624511337_2,13
326986242397,1
3276624651632,4
3280103374787,-1
3281168091403_0,-1
3281168091403_1,-1
3286129573690_0,77
3286129573690_1,74
3297217392250,4
3297766672726_1,4
3304383544701,4
3304943400163_0,28
3304943400163_1,1
3305378447717,16
3313239953405_0,87
3313239953405_1,17
3322735353326_0,-1
3322735353326_1,6
3323338603416,10
3323614987641_0,-1
3323614987641_1,106
3324105008796,16
3325644155388_0,4
3325644155388_1,24
3334162372281,16
3338355677011_1,4
3339522265260,48
3339643790065,4
3340940814248,14
334247683456,1
3342513496120_0,38
3342513496120_1,5
3342513496120_2,4
3342513496120_3,107
3342513496120_4,3
3347999286106_1,9
3347999286106_2,4
3347999286106_3,4
3349481349655_0,36
3349481349655_1,1
3349695569227_0,96
3349695569227_1,103
3358545168106,-1
3360093304466_1,55
3361854090766_1,-1
3361949357554_0,18
3361949357554_1,-1
3363140791305,20
336814058756,16
3371194811219,13
3371985680799_1,78
3371985680799_2,4
3376052634111,-1
3378183846158,4
3380838166988,1
3384488300781_1,52
3384488300781_2,53
3389438222228,-1
3391733291016,-1
3393423047636_1,75
3403781975835,4
3409342455911,1
3411711906619_1,32
3413702745215,-1
3417621675916_1,7
3417621675916_2,24
3425225937297_1,43
3425225937297_2,59
3425225937297_3,4
3425510128314,21
3434001239385,78
3435535837841,108
3441655253611_1,7
3444943024695,-1
3446663841536_0,81
3446663841536_1,75
3446663841536_2,5
3447439759669_1,-1
3447786533597_0,109
3447786533597_1,22
3457473732138,-1
3458608879489_0,38
3458608879489_1,106
3458736781443_1,5
3464414656298,18
3470976135682_1,3
3473818902467_0,4
3473818902467_1,106
3475558896117,4
3477263882293,-1
3481380629275,4
3481676675231_0,4
3481676675231_1,59
3481676675231_2,13
3482813803104,4
3488559319491,86
3491396579116,60
3495046622692,16
3495910129307,-1
350309327387_0,5
350309327387_1,-1
3507111641427,1
3509169791362_1,13
351014777076,-1
3514818931762_1,-1
351615794581,-1
3520202967756,38
3523423966120,4
3527542179598_0,4
3527542179598_1,4
3537090562261_1,46
3537090562261_2,9
3537090562261_3,-1
3537274007685_1,68
3538399874926_1,103
35460084478,4
3549886101044,85
3550014927170_0,65
3550014927170_1,24
3551973764451,50
3560731134747,9
3566498392211,62
3570551413586,-1
3578908291849,16
3579042706868,1
3579237209578,4
3592357132894,16
3599329811268_0,1
3599329811268_1,-1
3603155099270_1,5
3603155099270_2,4
3605187557700_0,4
3605187557700_1,4
3605187557700_2,-1
3605187557700_3,4
3607370784837,4
3616339539810_1,5
3616992440273_1,-1
3616992440273_2,5
3616992440273_3,81
3622991935908,16
362454773819_1,15
362539359457_1,14
362539359457_2,38
362539359457_3,3
3628421751698,4
3631516983200_0,14
3631516983200_1,-1
3632670658912,4
3633929337537_1,13
3634590946176,63
3637559870563_1,78
3639258708043_1,7
3639258708043_2,7
3639258708043_3,-1
3644620745816,16
3654493235698,4
3656205452323_1,22
3656371280634_1,-1
3660215976135,65
3663406991923,73
3664573141131,1
366763461720_1,-1
3670296526160_1,73
3676230352978_0,56
3676230352978_1,3
368836708626,4
3692502970754_0,1
3692502970754_1,-1
3695992649634,-1
3697140122161_0,63
3697140122161_1,4
3697140122161_2,3
3697705371963,74
3697740715198,25
3697841184225_0,34
3697841184225_1,82
3697841184225_2,23
3700628277201,4
370501323073,108
3705303513941_1,24
3710683707601,7
3711679050089,9
3714154499107_0,4
3714154499107_1,4
3718501167037,4
3719363495587_1,-1
3726208239392,10
372878148720,81
3734155538000,100
3737137814655,24
3737869516167,21
3738232086297_1,4
3739378952881,1
374376447075_1,-1
3749949528467_1,45
3751220847977,16
3758234707919_1,33
3760292297894_1,9
3761688540566,4
3762491737438,4
377046315075_1,8
3776539004196_1,-1
3781795826212_1,32
3789827994059_0,-1
3789827994059_1,-1
3789827994059_2,17
3793021490921_1,83
3793586326652_1,4
3796967927548,-1
3801224390919,51
3801224686467,16
380294782908_1,82
380294782908_2,23
381514746304,18
3817535669924,3
3817681879112,-1
3819667854048_1,4
3820071292073,16
3820177875100,16
3823295563956,16
3823942704676,71
3838957779680,-1
383927142887,1
3853904792164,16
3854755567451_1,-1
3856833656641_1,-1
3861951156986,38
3864603431086_0,-1
3864603431086_1,100
3876151014632,-1
3876798483027,3
3877176795933_0,110
3877176795933_1,-1
3877176795933_2,59
389168291131,40
3892390679937,4
3894249792428_1,7
3895622272245_1,4
3895622272245_2,3
3899150363835,16
3899961273910,-1
3901905769771_1,85
3901905769771_2,-1
390437029057,45
3906306623136,1
391120316916,24
391949672893_1,32
3922202154419,1
3924074675311,13
3929883150132_1,16
3932477067994_0,39
3932477067994_1,17
3934191264684_1,5
3934191264684_2,81
3936026439807,76
393632741685,16
3939706471989,16
3942771261327,7
3944480041049_1,5
3944480041049_2,-1
3944739705809,84
3953648023003,-1
3953989658268_0,106
3953989658268_1,-1
3954017553236,29
3959368890383_1,-1
3964690919664_0,-1
3964690919664_1,93
3965609006619_0,86
3965609006619_1,4
3974236602669,25
3980730578145_0,4
3980730578145_1,3
3981107106302,16
3985319603,16
3986726683933,85
3988115115880,0
3994796128127,1
3999453406154,-1
4006450606144,1
4006802799489,40
4013137538973,4
4017202438682,86
4017660961965_1,49
4023332995646_1,82
4023332995646_2,23
4023341081251,65
4025317477612_0,4
4025317477612_1,24
4025392147701_1,7
4026091668137_0,4
4026091668137_1,108
4026091668137_2,5
4026091668137_3,-1
4032848379949,106
4033810685942,-1
4036133836973,-1
4043189071571_1,103
4048358207895,79
4050878700209_1,35
4056159008485_1,33
4060788669011_1,4
4062706292367,1
4065125888323,0
4069127327667,-1
4069237531393,56
4074328305717_0,1
4074328305717_1,106
4074328305717_2,14
4074328305717_3,99
4075192795342_0,-1
4075192795342_1,29
4084583604115_0,4
4084583604115_1,3
4086099493229,4
4087417584708,9
4093719571792_1,49
4098418524743,16
4099505653725_0,9
4099505653725_1,13
4099505653725_2,-1
4104348695911,39
4105000208155,40
4106103629225_1,5
4109179972748_0,56
4109179972748_1,3
4115575710798,1
4115603151329,79
4116495905508_0,-1
4116495905508_1,107
4116495905508_2,5
4116495905508_3,107
4116495905508_4,99
4118105002854,111
4121094315580_0,4
4121094315580_1,4
4121094315580_2,5
412193478235_1,24
4122472504624,38
4124397949455_0,40
4124397949455_1,-1
4124823815540_1,81
4124861435934,1
4125476943065_1,24
4127015738289,39
4127893503253,20
4128825860648_0,18
4128825860648_1,42
4129652312842,4
4130530398323_0,21
4130530398323_1,105
4130530398323_2,75
4137368791905_0,108
4137368791905_1,-1
4137564957834_0,7
4137564957834_1,34
413942574972,61
4140570658081,4
4140668844452,16
4143107077883,44
4143828512963_0,9
4143828512963_1,21
4147502727319_0,47
4147502727319_1,4
4150519500117,1
4153293861462,4
4155194855724,1
4159169317663,4
4160508729885_0,39
4160508729885_1,17
4172100822234_0,-1
4172100822234_1,24
4176126305696_1,4
4185982911531,19
419046216604_0,39
419046216604_1,17
4193806879630,4
4195367675183,4
4196067595750_1,24
4197635343633,7
4199994551790,1
4206068743799,4
4209524404635_1,-1
4209524404635_2,4
4213275240605_1,37
4221250314659,3
4226465363416,55
4231009066829,11
4231024538078,48
4233198027896,9
4239037056717_0,9
4239037056717_1,4
4239037056717_2,-1
4239904513874,1
4244651980343,4
4244849849439,39
4246231226200,84
4249429987119,62
4251146972011,4
4251981976838,3
4259757010703,18
4269814104853_0,112
4269814104853_1,-1
4269814104853_2,5
4269814104853_3,4
4271315921629_0,1
4271315921629_1,-1
4272691874838_1,-1
4272691874838_2,16
4272691874838_3,13
4280469229659_1,110
4280469229659_2,80
4291262665672_1,3
4294395527456_0,85
4294395527456_1,24
4299514314618,4
430310011028_1,33
4304892310154_0,48
4304892310154_1,48
4308235938647,19
4309673626040,48
4311820663477,4
4314596682757,48
4314851743368,9
4316914041749,38
4321925578360,-1
4323856186516,16
4324161158098_1,-1
4327709920202_0,-1
4327709920202_1,43
4327709920202_2,59
4327709920202_3,4
4333793485372,48
4334981604883_1,4
4337505294638_0,65
4337505294638_1,61
4342362169045,18
4345719718904,-1
4345936888751,45
4349605879064_1,22
4350969779315,3
4352650554312,15
4354914255552_1,7
4359732132540_1,75
4364811007810,71
4364937651595_0,85
4364937651595_1,24
43656177177_1,4
4372219980572,4
4377261065363,4
4380748852587,75
4386051919481,4
4386621330604,113
4392444029152,-1
4394608142547,-1
4396164708929,18
4398866124034_1,35
4400455849193,-1
4403334366020_0,114
4403334366020_1,-1
4412079018959,-1
4412269908454,1
4417113311561_0,66
4417113311561_1,4
4417113311561_2,24
442024987291,4
4421176201712,16
4423086671223_0,87
4423086671223_1,17
4424593842416,0
4424859724910,-1
4427559861037_1,52
4427559861037_2,53
4430582745375,4
4435875920420,9
4446318665680_1,16
4455095880301,-1
4457252128782,24
4463857283890_1,70
446438805756_1,52
446438805756_2,53
4465640408726_0,4
4465640408726_1,108
4468232094442,48
4468322535557,18
4471326354550_0,25
4471326354550_1,-1
4471326354550_2,-1
4471326354550_3,-1
4488324682400_1,-1
4496942010493_1,4
4502841733793,0
4503755644109,38
4506432887694_0,56
4506432887694_1,33
4507271349387,108
4507816161694_1,3
4507816161694_2,13
4508238930694,4
451979563312,4
4520506469747,-1
4522222734412_1,46
4522222734412_2,3
4523804891718_1,-1
4523804891718_2,13
4525896759778,15
45329670080,16
4538024476928_1,4
4541832377211,1
4545921391268_0,28
4545921391268_1,58
4545921391268_2,4
4545921391268_3,4
4549207747523,18
4550556049424,16
4553476375959_1,5
4553476375959_2,106
455591622752,21
4557866146794,40
4558642131545,95
4564316716276_1,7
4564923767303_1,57
4567336047524,81
4573232078659,-1
4573491259090,9
4574413566051_1,5
4574413566051_2,-1
4574413566051_3,29
4577490361635,1
4579333298194,1
4581655755951,4
4583410598750_0,4
4583410598750_1,53
4583410598750_2,-1
4586402371084_1,24
4587059758756,107
4587883977109,16
4594443279350,1
4596846268956_1,16
4604906113622,3
4610756235196_1,5
4610756235196_2,4
4611432790207_0,4
4611432790207_1,4
4611432790207_2,33
4614192416927_1,32
462315505506,50
4624142559863,16
4634807353672,115
4638304044615,24
464059168423,1
4644471919168,1
4647254280315,16
4650721091139_1,32
4651347160089_1,5
4666998538968_1,-1
4667901822233,38
4675378906339,2
4675703232686_0,77
4675703232686_1,-1
4691994753170,15
4698627007413_1,4
4698627007413_2,4
4698627007413_3,103
4702410722828,47
4704739019538_0,4
4704739019538_1,7
4704739019538_2,25
4704739019538_3,-1
4705572449167_1,97
4717743445025_1,5
4717743445025_2,-1
472750351016,-1
4727524173867,56
4728394254813,86
4733751965219,85
473388550058,24
4735449014003_1,76
4735449014003_2,57
4735633156213,3
4736268658580,16
4744139345016,1
4749551130200_0,112
4749551130200_1,24
4751542837283,39
4751545361451_1,20
4751951895602,75
4753011077229,1
4754737114386_1,84
4754737114386_2,51
4758114885528_0,-1
4758114885528_1,5
4761235951043_0,7
4761235951043_1,24
4762847090246,45
47647859779,40
476532034110,-1
4766291121694,85
4772348606324,84
4775529718478_1,4
4775529718478_2,4
4776605874557,11
4778319071071,54
4778485703171_1,-1
4780222728786_0,39
4780222728786_1,17
4780572636402,18
4787587581638_1,4
47887143542_1,-1
4794699911488,4
4805341063947,86
4806129637666,16
4817358261666,4
482552361081,24
4826967171196,1
4827489144275,-1
4830747297134_1,116
4830747297134_2,19
4832397558619_1,-1
4834316818922_1,-1
4836263528815,1
4837333840417,61
483742892887,4
4842353943650,9
4845820531767,81
4846173445504,34
4864982855754,1
486615172850,1
4867478512427_0,14
4867478512427_1,24
4869159472888_1,24
4871135011481_1,4
4871135011481_2,92
4872475572013,-1
4876277641473,3
4886044096203_1,32
4886627108300,16
4887291240464,4
4890600856688,-1
4890808524622,18
4890982519855_1,72
489570103006,4
4895760939085,15
4900841321306_0,39
4900841321306_1,17
4908494320289_1,55
4908494320289_2,-1
4914460109512_1,4
4917299775121_1,-1
4917993667088_1,15
4923387832963_1,7
4923387832963_2,24
4925493641620_0,39
4925493641620_1,17
4926702925815,4
4929440872766,88
4934083363614,4
4939064392381_0,18
4939064392381_1,19
494521234912,38
4946085557742,4
4959524323128,98
4963103712611_1,7
496395176140,1
4966726332749_1,73
4970953051228,1
4975496373251,0
4977502664203,40
4978805556031,-1
4981437935437_1,-1
4983082220355_0,-1
4983082220355_1,7
4983082220355_2,46
4983082220355_3,-1
4988777313319_0,25
4988777313319_1,3
4988823335495_1,91
4989241952964_0,87
4989241952964_1,17
4992573602531,1
4995062473708,4
5000237263828,116
5004689161763,62
5009264693656,4
5009804573308_1,16
5012452934290,10
5018232225904,4
5026396929793,16
5038474565945_0,109
5038474565945_1,4
5038798243254_1,32
503901086221_1,32
5039070370916,1
5042865213057,18
5044951581093,65
5052886534966_1,55
5062151485198_1,24
5062950636374,10
5065645439129,20
5066573845181,13
5069211902431_1,9
5069211902431_2,4
5069211902431_3,4
5072981321344_1,32
5077014273905,39
5077816689806,-1
5080693048543_0,-1
5080693048543_1,36
5088358057448_1,59
5088358057448_2,13
5090071883779,-1
5092284130644_1,4
509286503308,65
5098217411137,4
5099418221525_1,22
5101546617472,76
5111885948478_1,-1
5116402409772,16
5126005526481,-1
5128999783673,16
5130364800652_0,39
5130364800652_1,17
5131403590877_0,80
5131403590877_1,81
5132170941149,-1
5146400019965,19
5146525050874,84
5149775812543,18
5150287303491,18
515200865019_1,100
5153565447917_1,-1
5155233916477_0,39
5155233916477_1,17
5158773986929,73
5159170667093,24
5161826705081_1,5
5164164441410,75
5166705820233,1
5171233113391,38
5173355754198_1,84
5173560663891_0,4
5173560663891_1,3
5173712716428_1,32
5186474324027_1,-1
518732413820_0,56
518732413820_1,24
5193863346991,-1
5203250910189,-1
5206079982187,4
5206790756232,85
5209597447822_1,93
5214795521019,-1
5216682961844,16
5218408466549,22
5225879992188_0,40
5225879992188_1,1
5226628229159_0,21
5226628229159_1,105
5226628229159_2,75
5234742841813_1,4
5234742841813_2,85
5234742841813_3,3
5240514545514_1,3
5240645757861,-1
5241451764696,-1
5243381179515_1,45
5247080917274,4
5248945356569,1
5254433960209_1,4
5257746011037_1,35
5259428851764_1,37
5260986138642_1,-1
5262908097558,54
5264044277903_0,4
5264044277903_1,24
5264467923573,40
526499084790,-1
5265534503278,4
5270796279171,-1
527205620174,96
5273462532491_0,56
5273462532491_1,33
5276549617301,1
5277572124725_1,4
5277572124725_2,24
528318118494,18
5283203586319,54
5285012607267,1
5286153448080,60
5288087587132_0,3
5288087587132_1,32
5288087587132_2,-1
5289821538014,4
5297487535754,-1
530093404933,4
530954583799,38
5312258272200_1,5
5312258272200_2,81
5313501036781_1,-1
5313501036781_2,7
5313501036781_3,-1
5313501036781_4,4
5313501036781_5,99
5315960565749,-1
5316886531997_0,34
5316886531997_1,-1
5317131343851_0,-1
5317131343851_1,91
5329010667530_0,5
5329010667530_1,81
5334825283705,85
5338657304434_0,-1
5338657304434_1,75
534158966955_1,-1
5342671517914,0
5344539435954,4
5347191085609_1,-1
5349615155102_1,32
5350486184363,13
5353709414392,15
5354853718644_1,1
5356448710044,24
5361361676017_0,-1
5361361676017_1,76
5362763343242_1,5
5365104423231,4
536566232891,1
5370843593915_1,3
5371238347692_1,97
5373022306357_1,32
537584352597_0,4
537584352597_1,-1
537584352597_2,45
5376266552842,16
5376736753077,85
5382680973364,4
5387225052544,-1
5389065950753_0,84
5389065950753_1,-1
5394475372660_1,30
5394475372660_2,-1
5394591581780_1,4
540227844332,3
5402523976912,4
5415424982400,-1
5415942249989,1
5418937731935,23
542335782033_1,-1
542335782033_2,26
542335782033_3,27
5424351678196,24
5424543613333,-1
5428287153401,38
542901179186_0,9
542901179186_1,34
542901179186_2,-1
5431567214789,-1
5431736387832_1,32
5439865747621_1,9
5439865747621_2,76
5445932534855,4
5447249339145,1
5447743947420_0,-1
5447743947420_1,3
5448502570994_1,75
545236912194,59
5455945479209,54
545912442273_0,39
545912442273_1,17
5460130540774_1,22
5463052582622_1,9
5464208093113_1,-1
5467618542359_0,6
5467618542359_1,15
5470110914915_1,-1
5470110914915_2,-1
5502042031740_1,-1
5504413606768,16
5505243930701,86
5505587634214_1,24
5507559266574_1,-1
5507559266574_2,5
5511870157517_1,-1
5512054500638,16
5516764872722_1,26
5516764872722_2,27
5517207552514_1,49
5517385299823_0,-1
5517385299823_1,3
5520036675964_1,-1
5520036675964_2,4
5521532513454,1
5527333829586,114
5530059443841_1,5
5532230739594_0,7
5532230739594_1,-1
553373835344,1
5534871816629_0,25
5534871816629_1,13
5537380689787_0,25
5537380689787_1,7
5537380689787_2,25
5537380689787_3,-1
5545689512237,65
5546024962470_1,97
5548612944413,16
5554709582354,39
5555821246954,15
5556937175487_1,64
5560604445585,-1
5563698034657_0,34
5563698034657_1,106
556378093627_1,16
5566589966324_1,83
5566589966324_2,4
556727846341,-1
5568488208422_1,33
5568856395244,98
5572861291670,-1
5580043174910_1,33
5582375844769,-1
5582503105925,38
5582889801701_0,-1
5582889801701_1,42
5582889801701_2,4
5590602361859,1
5601812634667,4
5606792485011_1,4
5607326664020,-1
5617800111736,38
5619690215199_0,85
5619690215199_1,14
5623180973745,0
5624131854039,4
5641005723511,-1
5644290939248,1
5645178672607,4
5646665232667_1,4
564833910700_1,4
5651215028967_0,20
5651215028967_1,31
5651342670172,-1
5652386241023,-1
5652492892581_0,-1
5652492892581_1,55
5656399448260,16
5659347704047,4
566205012785_1,4
566680250108_0,4
566680250108_1,4
566680250108_2,106
5667850413863,4
5668537718703_1,85
5677684308449_1,24
5678037566198_0,4
5678037566198_1,-1
5681425888060_0,39
5681425888060_1,17
5684788175879,16
5684977577766_1,4
568657748480,85
5688451528458,30
5690893050878_1,29
5692019633467,4
5694397271772,81
5700080162916,4
5707565909571,-1
5717511265064,21
5726370138459_1,4
5732721917138_0,4
5732721917138_1,4
5736095948684,1
5738996698740,1
5742926299001_1,97
5743027747322,11
574481229975_0,-1
574481229975_1,-1
5746213757254,115
5749723370556_0,-1
5749723370556_1,4
5751826981267,92
5753504172568,16
575463466494_1,46
575463466494_2,9
575463466494_3,-1
575499952537_0,58
575499952537_1,4
575499952537_2,13
5756414318278_1,7
576580617359_0,9
576580617359_1,7
576580617359_2,24
5768059012509,38
5775343846523,100
5777150958444,-1
5784432025671_0,-1
5784432025671_1,-1
5786681221137_1,13
5788590993857_0,46
5788590993857_1,5
5788590993857_2,4
5795233291278,-1
5796339154753,61
5798597148244,16
5799142017360,72
5804076299469_1,53
5804076299469_2,74
5808918539269,-1
581863906934_0,-1
581863906934_1,-1
5818825694722_1,-1
5820653959074,64
5825797441597_0,113
5825797441597_1,24
5830470849837,4
5830962899508_1,83
5842402490655,-1
5843129803124_1,60
5848117989879_0,20
5848117989879_1,5
5849776716389,4
585340361510_1,-1
585340361510_2,14
585340361510_3,-1
5855859608048,0
5856111471217_1,7
5859138555354,1
5860222650358,4
5861742408188_1,-1
5864039481071,-1
5878116998676_0,-1
5878116998676_1,93
5879379590735_1,-1
5883384966481,102
5893304308590,1
589540484378,16
589703801753,7
5899260668645,18
5900625547562,-1
5902908312982,4
5904514650668,20
5905996809731,16
590636021053,111
5908653618465,4
5909542803683_1,-1
5912563992377,12
5913460735297_1,-1
5914081575124_1,9
5915019352616,14
5920867141146,115
5921592145456_1,5
5922119145139_1,4
5922119145139_2,7
5922119145139_3,5
5922119145139_4,33
5930408216079_0,9
5930408216079_1,106
5932303272604,1
5932914183172_1,3
5939039484515_0,9
5939039484515_1,9
594569783162_1,104
5948163073249,85
5950941615666,48
5953066833009_0,46
5953066833009_1,47
5960340535460_1,35
5961538815170_0,-1
5961538815170_1,-1
5961538815170_2,17
596166342242,4
5965023219711,-1
5965361040595_1,4
5965791189083,114
5972728387298,-1
5978298907072,85
5982853800630_0,7
5982853800630_1,4
5986944890999,74
5987401282996_1,7
5987401282996_2,-1
5987551138868_0,4
5987551138868_1,59
5987551138868_2,13
598875044464_1,4
5991441607710,16
5997617162849,-1
6000172962500_1,24
6003021156557,16
6007660623054,48
6007676043720,15
6012509615927,7
6014158002696_1,-1
6019233401936,1
6020119314067_1,-1
6020119314067_2,9
6024002369637,4
6025185028435,-1
6028043441098_1,-1
603089463184_1,-1
603089463184_2,-1
6032839759229_0,39
6032839759229_1,17
6033710454184_1,4
6033710454184_2,4
6035765495074_1,46
6035765495074_2,5
6035765495074_3,81
6037040586553,16
6038360695909,22
6038864230190_1,-1
6044749356013,1
6045583446940,16
6048028822852,4
6050500550030,18
6052704080255_1,-1
6052704080255_2,-1
6052907340035_1,-1
6060779126048,16
6063781625800_0,85
6063781625800_1,81
6066935163386_1,32
6070102765563,16
6072045336872,16
6072150746252,4
6075069859485,4
6075875100361_1,103
608056604694_0,58
608056604694_1,7
608056604694_2,34
6080790144714,-1
6104205068665,4
6115779473227_1,9
6116238917793,4
6118699297013_1,96
612443838248,73
6129944697164,7
613048143933,-1
6130948091499,-1
6146682386917,50
6153300473335_1,110
6153300473335_2,80
615425576658,-1
6157144849946,47
6159053636496,-1
6160992155493,81
6165963539651_1,26
6165963539651_2,27
6166904547890,1
6167962457177,4
6169817257269_0,-1
6169817257269_1,-1
6169989020167_1,35
6171727829580_1,-1
617267646874,4
6177948525353_0,31
6177948525353_1,1
6178439101296_0,93
6178439101296_1,16
6182367804423,1
6191190679479,4
6192574297610,4
619772564103_1,15
6198526357774_0,77
6198526357774_1,74
620470409578_0,4
620470409578_1,24
6206443310175_0,38
6206443310175_1,5
6206443310175_2,4
6206443310175_3,107
6206443310175_4,3
6207241891773,29
6207556909428,4
6210973841385,71
6211397550532,4
6213026628813,4
6213611241558,-1
6214297964941,9
621512402884,4
6225253725096_1,49
6227906845805_0,4
6227906845805_1,3
6228011761032,-1
6232790143827,3
6235255812849,85
6236253317874,9
6237039773345,1
6239048230869,20
6241494612241,40
624258828712_0,28
624258828712_1,4
624258828712_2,47
6253077053921_1,-1
6256062285456,1
6259406700397_1,78
6259406700397_2,4
6267606714765,-1
627468443169_0,-1
627468443169_1,3
627472812616,29
6279688312443,13
6282420102808,-1
6283153135801,76
628333036776,111
6287220470792_0,71
6287220470792_1,-1
629392794423,110
6294322280304,1
6294770556489_1,4
6308869279707,0
6308988003783_0,4
6308988003783_1,4
6314410938684_1,3
6324778703969_1,32
6326669179158,1
6327101780559_1,103
6329271534219,81
6333001544713_1,76
6347783761634,16
6350865309037,1
635121299551,18
6355113258347_1,93
6355167763793_0,34
6355167763793_1,3
6365804205922_1,-1
6371700239931_1,5
6371700239931_2,4
6371700239931_3,107
6371700239931_4,3
6371893393395,10
6375324355193_1,-1
63758666719_1,69
6378540951927,-1
6387517879424,18
6390853020484,63
6393454392928,4
6393715925123,16
6394156125641_1,3
6395214979968_0,1
6395214979968_1,9
6395214979968_2,100
6397728909361,39
641069565650_0,4
641069565650_1,-1
6413184119942,15
6413844296346,16
6428261230094,15
6430956262351_1,-1
6431199384149,50
6433992351740_1,-1
6439770777789_0,16
6439770777789_1,-1
6442142716081_1,-1
6443085121840,1
6445569171788,1
6453719430431_0,13
6453719430431_1,-1
6455125494602_1,81
6456125602231,81
6462100486145,38
646274474094_0,-1
646274474094_1,91
6463482904909_1,81
6465159700199_0,47
6465159700199_1,-1
6470054088802,54
6470306419345,1
6471593799340,1
6473172111879,84
6474424202454,16
6476597909015_1,33
6482348262816_1,4
6488332232931,16
6489497194186,77
6489543335571,4
6492391681664,65
6493799738089,25
6493945692353,4
6494634172997,7
6503387591582_1,4
6503387591582_2,46
6505475456865_1,-1
6506235325839,1
6519570124933,4
6525680396843,3
6526658225832_1,4
6529512151853,105
6530165877762,16
6531293602123,1
6533066787869_0,20
6533066787869_1,-1
6533066787869_2,75
6535566178417,79
6540499275237_1,-1
6541625103260,18
6545183534527_0,4
6545183534527_1,64
6563345705094,38
6568004044432,4
6568732824115,1
6569677908966,-1
6579017297240_1,24
6580788248029,113
6582576029204_0,-1
6582576029204_1,7
6582576029204_2,5
6582576029204_3,81
658379860465_1,97
6588814890365,-1
658911115682,-1
6591341888878_1,18
6598412176517_0,4
6598412176517_1,-1
6598412176517_2,-1
6598412176517_3,-1
6602495786919,11
6602701174703_1,4
6602934763273,1
6608116230525,74
6611214316899_0,20
6611214316899_1,-1
661207017834_1,103
6613236258400,95
6614260532455,4
6614523812247_1,90
6617045134178,4
6623686951748_0,48
6623686951748_1,48
6625372138772,-1
6625651603248,29
6643144166495_0,4
6643144166495_1,16
664433203954_1,7
6645241111056,-1
6647880719229,-1
6649272292219,48
6649861879808_1,32
6653536844528,-1
6662953064149,21
6664676018090,72
6665226407933_1,-1
6669660081274,24
6677750812297,16
6686983566167,-1
6690133621068,79
669111017673,40
6694742243284_1,-1
6694742243284_2,69
6695553132541_1,70
6695553132541_2,13
6696765038872_0,4
6696765038872_1,104
6697222084121,4
6697607356656,56
6701349995149_1,4
6702232111231,16
6702668711254,4
6704111007870_0,-1
6704111007870_1,61
6705037927669,-1
6705289001140_0,4
6705289001140_1,7
6705289001140_2,57
6705336392930,-1
6709274410224,1
6715993394919_0,11
6715993394919_1,12
6715993394919_2,13
6717107765130_1,32
6723806386723_0,4
6723806386723_1,45
672844920843_0,-1
672844920843_1,-1
6731456974406,7
6733432571674,111
6737841539265_1,7
6737841539265_2,4
6743794167543_1,104
6747529173690,18
6752685390032_0,29
6752685390032_1,13
6755539485808_0,39
6755539485808_1,17
6757086539877,16
6762364234144_1,24
6768411533122,48
6770860481734_1,-1
6770860481734_2,31
6773088212726,1
67741161539_1,24
6780267598885,79
6784555831396_0,-1
6784555831396_1,30
6784555831396_2,4
6784555831396_3,-1
6788842158075,115
6790108220664,58
6791604765553_1,32
6805134825070_0,-1
6805134825070_1,16
6809463574165_0,3
6809463574165_1,7
6815853645544,4
6818334394402_1,-1
6824707467819,1
6828676383615,75
6832058969902,68
6843510786831,1
6845225506938,55
6846304056461,2
6846573757750_0,4
6846573757750_1,4
6847860393951,16
6848034490577_1,-1
6851467587625,4
685584399447,4
6856602784403_1,4
6858009445452,-1
6860773003441_0,4
6860773003441_1,4
686771043159,47
687186054723,1
688196784615_0,39
688196784615_1,17
6883738474304,16
6891790012733,86
6898019563373_0,7
6898019563373_1,-1
6902991293495,1
6903552128871_0,109
6903552128871_1,22
6906805311706,16
6908001859519_1,4
6908237317675,1
6911517946763,77
6917553735794,4
6918642086159_1,9
6918642086159_2,92
6918994042851_1,96
6919303248667,106
6929798749098_1,4
6929798749098_2,24
6930314995602,-1
6935856889642,60
6936870164390,55
6937626836502_1,-1
6937626836502_2,101
6944945048838_0,20
6944945048838_1,-1
6944945048838_2,31
694682847048,39
6950259001404,4
6959794671539,-1
6960110558002,-1
6962180015488_1,4
6964416800326,98
6968015016871_1,52
6968015016871_2,53
6973539594648_1,82
6973539594648_2,23
698084920184,48
6980870533806,-1
6986801685588,4
6991142497865_0,65
6991142497865_1,99
6994048247394_0,7
6994048247394_1,24
7012174763119_0,4
7012174763119_1,4
7020381711846_1,4
7027139912829,75
7027579091860_1,24
7032747862952,4
7033487074500,-1
7033500512018,92
7037607758604_1,88
7042195262000,-1
7044637457857,4
7045068435256_1,29
7045068435256_2,-1
7046085960315_1,-1
7046085960315_2,66
7050472255868,31
7051771543148_1,4
7053128232765_1,69
7053128232765_2,5
7053128232765_3,70
7056548569004_0,-1
7056548569004_1,46
7056548569004_2,9
7056548569004_3,70
7056548569004_4,66
7062980841286,25
7067579849150,1
706764183466,1
7072292546749_0,4
7072292546749_1,-1
7074155562136,4
7076149108373,1
7080925898315_1,33
7086407410051_1,32
7088649082807,4
7094329731586_1,4
7095150033956,50
7097252462322,4
7100432893992_1,3
7102341936740_0,4
7102341936740_1,108
7102385929738,16
7103642530106,4
7104225652748,16
7113000048022,76
7118743249782,16
7119285307411_1,4
7119285307411_2,5
7119579065575_1,105
7119579065575_2,75
7120172443876,106
7120185353242_0,13
7120185353242_1,89
7127369249757,4
7134313825180,38
7135856826042,42
7136733203411,16
7140238264737,95
7149356990006,65
7154531863233,16
7156691264592,18
7161169618425,1
7167460762573,16
7167759394805_1,13
7172781480321,106
7173686670823_1,4
7173686670823_2,-1
7173686670823_3,82
7173686670823_4,23
7175247189794,66
7182676689282,3
7192758765254,3
7193162279238_1,-1
7193370525858,18
7202438942583_0,4
7202438942583_1,13
7206441752860_0,4
7206441752860_1,4
7208024920756,1
7213397607879_1,-1
7214723992504,-1
7217417941948,1
7218253501600,55
7224773345737_1,7
7227372861726_0,-1
7227372861726_1,29
7229635370381_0,109
7229635370381_1,4
7236630916994_0,-1
7236630916994_1,5
7236630916994_2,4
7240259603258,76
7240569065118,-1
7247839353587,95
7249164433457,4
7251898959577_1,32
7255153230176,4
7255641465135_0,7
7255641465135_1,24
7259922486533_1,9
7269540332362_0,25
7269540332362_1,47
7272966477981_1,3
7272966477981_2,13
727326407811_0,4
727326407811_1,4
7275574068246,56
7282793325978,1
7284690703039_1,-1
7285851691627_1,16
7286170474597_1,-1
7286170474597_2,13
7287858123763,48
7292925067305,28
7302233012890_1,13
7303581899594,9
7310282628198,38
7310766163194_1,32
7311930625493,4
7311993511654,10
7312769290578,-1
7315040980922,24
7316558866208_1,81
732207993010_1,52
732207993010_2,53
7328300889536,-1
7334617576946,16
7335194990722,9
7336947181060,73
7337783807939,79
733823184513,38
7340702433172,1
7342658258269,-1
7343538162870,15
7346905317514,1
7349910899705,38
7354186057831,4
7357307499410_1,82
7357307499410_2,23
7360157428207_1,-1
7360157428207_2,26
7360157428207_3,27
7364830100324_1,31
7364830100324_2,93
7366830357965,73
7369251273123,14
7370929313033_1,81
7378176270707_0,4
7378176270707_1,-1
7380856533836,1
7380890606310_1,90
7380899749766,1
7382831767005,16
7384880384902,21
7389360861886,1
7391594491239,38
7404507220569_0,115
7404507220569_1,47
7409494730068_1,13
7414107463872,74
7416398820718_1,8
7416398820718_2,8
7417016864739,4
7417429287638_1,9
7419918936789_1,7
7419918936789_2,4
7421254798075_1,49
7421968271701_1,32
7425934348813,16
7426210656510,39
7426294810905_1,21
742736292347,50
7428380463067_0,-1
7428380463067_1,55
7431191484209,4
7431862133433,1
7436012621494,4
7437018302732_0,66
7437018302732_1,25
7437018302732_2,107
744037749532_1,52
744037749532_2,53
7444372005421_1,4
7447637191783,89
7455362647820,-1
7456328717067,48
745641473373,9
7458989670862_0,110
7458989670862_1,3
7461734685504,4
7464862401530,4
7474359281817,60
7475979557447_1,-1
7476640886225_1,24
747746100916,16
7480731123409_0,-1
7480731123409_1,-1
7481756717306,1
7487215654415_0,94
7487215654415_1,7
7487754719626,1
7493132018445_1,3
7497835591823_0,9
7497835591823_1,116
7499886643579_1,-1
7499886643579_2,-1
7504232703517,-1
751014999937_0,4
751014999937_1,25
7515287034027,16
7519025959202,4
752019619628_1,4
7520856793544_0,18
7520856793544_1,5
7524757892892_1,-1
7524757892892_2,5
7525169858977_0,7
7525169858977_1,4
7526461858278,86
7527752142115_0,85
7527752142115_1,4
7533050541474,-1
753451131858_1,4
7537308529909_0,1
7537308529909_1,114
754025700882_1,-1
7542986189710_1,4
7542986189710_2,4
7544937840471,85
7547848914972_1,3
7549343134919,18
7552561041257_1,110
7552561041257_2,80
7560643953132_1,32
7562549874064_1,9
7564110620561,-1
7569846765610,4
7576122476244_0,-1
7576122476244_1,75
7585568854165,16
7587977099718,16
7595191164002_1,90
760122942093,4
7606381014083,3
7606713965970,4
7606767563761,1
7607242464098_0,87
7607242464098_1,17
7608030732424_1,32
7617938968431_1,7
7619013382046_0,-1
7619013382046_1,84
7620342034041,4
7622114032002_1,9
7630071679333,12
7634769578577_1,24
7638304980873,79
7645719809098_1,4
7645800219232_1,-1
7646662886098,-1
7649114424352,12
7652996116980_1,-1
7653243146942,18
7662738608372,51
766663960963,19
767117134940_0,39
767117134940_1,17
7675042147114,16
7676184004391_0,-1
7676184004391_1,45
768081458644,16
7682401840165_1,-1
7683640005222_1,4
7687796258142,81
7690981596478,18
7692755622611,-1
7695651954321,7
770037408770_1,14
770037408770_2,87
770143362790_0,-1
770143362790_1,-1
770143362790_2,115
770143362790_3,4
770143362790_4,4
770143362790_5,-1
7702004593936,4
7705418000486,30
7712309142202_0,-1
7712309142202_1,7
7715517910680_1,4
7722563635283,4
7722584220806_1,29
7727769427321,1
7731138042522,16
7734908336479_0,0
7734908336479_1,4
7736796364350,111
7744125074454,18
7746657823946,-1
7750871839927_0,39
7750871839927_1,-1
7750871839927_2,17
7754016753144,4
7756581526111_1,-1
7756581526111_2,101
7757457037028,10
7763700370883,18
776403768686_1,37
7777806997349_1,5
7788352704141_1,-1
7788352704141_2,84
7788352704141_3,84
7788352704141_4,80
7795613806260_0,4
7795613806260_1,3
7802817783925_1,5
7802817783925_2,81
7805256111943_1,37
7806195419152,16
7807826052466_1,35
780788790090_1,24
7810371938167_1,16
7817395244414,3
7822920276666_1,4
7823162819515,16
7823834368977,66
7825407545871,3
7825479083423,1
7826810234817,95
7832397846878_0,-1
7832397846878_1,-1
7833269312214,-1
783330217576_1,-1
7833990134271,109
7836505650948,4
7836774106625,-1
7838782104008,48
7840186820891,1
7854600095094,16
7856959442579_0,7
7856959442579_1,34
7859977990785_1,-1
7863343233864,42
7863491982733_0,110
7863491982733_1,16
7865305002355_1,32
7866319105357_1,4
786870463619_1,7
7869230555787,3
7876818236147,61
7879241155269_0,25
7879241155269_1,-1
7879241155269_2,4
7879241155269_3,59
7879359724075_0,110
7879359724075_1,-1
7879359724075_2,59
7879915980005,4
7886454914931,65
7887196551534_1,-1
7889423514944,9
789122731378,24
789139876980,0
7892415749377,45
7892966605756_1,29
7894432544542,16
790025671494_1,7
790025671494_2,-1
790025671494_3,3
7902887083394,15
7903591161304_1,4
7903591161304_2,75
7914193634682,12
791579788302,-1
7916947776257,3
7917556724058_1,110
7917556724058_2,80
7919880488473,-1
7921298501920_0,28
7921298501920_1,1
793466625393,94
7936371558306,3
7938027482364_0,39
7938027482364_1,-1
7938027482364_2,17
7944579205690_1,-1
7944579205690_2,-1
7949899550943_0,39
7949899550943_1,17
7950704554383,3
795109466956,4
7951453776383_0,39
7951453776383_1,17
7958439199277,-1
7959216383283,16
7963068062444,4
7965264238503,7
7966927539318,4
7968473078651,0
7972399077945_1,4
7981496519197_1,-1
7981496519197_2,4
7981496519197_3,59
7985599827037,3
79992338,4
8002797273643,19
8011437694755_0,34
8011437694755_1,3
8018230846164_1,82
8018230846164_2,23
8030084348614,56
8030363607962,1
8032809704866,76
8033071330426_0,-1
8033071330426_1,42
8033071330426_2,4
8037997882471,24
8042089749971,1
8044992664670,-1
8049934008779_1,82
8049934008779_2,23
8053064170814,-1
8060272049428,111
8062683089994_1,33
8062808673018,-1
8064033664027,-1
8064459410707,-1
8075500156492,45
8075736047380,34
8077209330056_1,3
8081034677905_0,4
8081034677905_1,-1
8082190367943_1,4
8083093994019,1
8085339485464,4
8086340275576_0,4
8086340275576_1,3
8087941097157,16
8091577650129_1,4
811180930015_0,4
811180930015_1,66
8113798747073,15
8118877564415,1
8119400478910,-1
8121951270193,41
8122675003284,56
8126924569193_1,103
8130075222133,15
8131563389388,79
8140221423676,3
8140565377865,9
8142110118452,3
8142125187070,4
8143632075493,4
8146322476905_0,67
8146322476905_1,67
8147385407402,4
8155102774499_1,-1
8155102774499_2,-1
8166380385143,16
817383898851_0,103
817383898851_1,3
817383898851_2,22
8176118636342,83
8177703753811_1,4
8183844409597,16
8186644287926_0,-1
8186644287926_1,5
8195810858322_0,1
8195810858322_1,36
8196700996524_0,39
8196700996524_1,17
8197971552788_1,13
8204786476646,16
8207683928132,20
8215310223919,-1
8215975631561,1
8221253502744,88
8221350983971_1,-1
8221350983971_2,83
8221350983971_3,85
8222858362505_0,38
8222858362505_1,29
8228122926949,16
8229804346149_0,28
8229804346149_1,4
823042593756,1
8234713211948,98
8237374068236_0,29
8237374068236_1,13
8238141034733,16
8242721534771,4
8243092013703,24
8246567041472_0,36
8246567041472_1,1
8259706251517,-1
8277013202405_0,4
8277013202405_1,3
8279343919882_0,28
8279343919882_1,-1
8287223686409,1
8287770744435,1
8290653234526_0,20
8290653234526_1,72
8294371812956,-1
8299777661367,16
8301737324001_1,16
8307234142895_1,5
8307234142895_2,7
8307565383623_1,56
8310486313582_1,-1
8311894679929,4
832221105614,113
8327441497169_1,4
83277393019_0,-1
83277393019_1,5
83277393019_2,33
8328271685224_1,29
833309774994,-1
833568158438_0,5
833568158438_1,-1
8335806588216,-1
8345113479156,12
8350582613138_1,81
8359502797072,18
8363315273601,7
8367865933172,81
8370574108389,-1
8370637955023,66
8372633250520,1
8373586136029,36
8388803569562,10
8394519306146_1,30
8394519306146_2,31
8394519306146_3,25
839688185103_0,62
839688185103_1,75
8403373316166,10
8403737145290,95
8404261458327_0,4
8404261458327_1,33
8409281245206,54
8413477667058,4
8413539391413,1
8416519683980,1
8427295260559_1,26
8427295260559_2,27
8427295260559_3,-1
8427537758744,4
8432615331876_1,24
8433083274708,46
8434307984621_1,45
8440849230734_0,-1
8440849230734_1,-1
8448893518564,16
8454260865502,1
845649113726,5
8456800612491_1,32
845687621796,1
846039985109,10
8463284669228,4
8464955683297,20
8467913995577,45
8467944155099,-1
8469966547224_1,4
8471665868464,16
8474788465463_1,30
8474788465463_2,38
8474842741440,4
8477714606630,1
8480919745985,9
8481014570601_1,-1
8491349937806,79
8493280068393_0,-1
8493280068393_1,2
8493280068393_2,-1
8498197028941,1
8498315652099,24
8505358302425,-1
8506971869542,1
8507672362904_0,42
8507672362904_1,24
8509628193922,40
851293380725,1
8514425374550,0
852534675933,63
8531017162410,16
8531479289663,16
8532743896419_1,3
8532761763389_0,36
8532761763389_1,5
8533478016601,70
8536421956310,4
8539548635070_0,3
8539548635070_1,99
8540130337807,1
8543336860332_1,97
8545600145064,16
8545793107229,4
8549890468341,38
8554589568329_0,112
8554589568329_1,-1
8554589568329_2,5
8554589568329_3,4
8559986884520,1
8560900101564,-1
8566880670107_1,116
8566880670107_2,1
8570308155182,4
8574597114424,104
8579726677697,16
8580809884529,16
8582824066408,16
859164173776_1,68
8592257852883_0,4
8592257852883_1,13
8592833143659_1,-1
8592833143659_2,-1
8592833143659_3,57
8596964195354_1,4
860083945496,1
860700048793,1
8609804061081,9
8609870907855,15
8610214688849,16
8610837554264,-1
8612009447337,16
8614585465922,16
8619765647209,62
8621215220282_1,49
8622793238059,72
8631748290957,1
8639828896071_0,-1
8639828896071_1,-1
8639828896071_2,17
8641702314521,16
8649067641003,56
865486260455,101
8657718428771,-1
8659899006919_1,4
8659899006919_2,74
8659899006919_3,7
866030151124,16
8666924704633,22
8668821884131,41
8671775612329_0,20
8671775612329_1,-1
8671775612329_2,75
8674084496846,1
867552121385_0,39
867552121385_1,17
8685873830803,7
868681451056,4
8688639102910_1,37
8689250147061_0,-1
8689250147061_1,24
8697173704035,1
8698490939751_0,-1
8698490939751_1,-1
8704714319518_1,24
8713307707551,75
8714456459311,4
8715118171740_1,3
8718382192473_1,4
8720818987458,41
8722955908359,1
872460125520,-1
8726339128058,16
8726926889344_0,68
8726926889344_1,-1
8726926889344_2,15
8726968514361_1,-1
8731283868592_0,58
8731283868592_1,16
8733085173141,9
8740416452628,1
8744913119718,16
8746202469239,12
8748013404105,16
8755773618076,28
8758818877600_1,-1
8758818877600_2,5
8761803044688,4
8764164948362_1,4
8768379050974,1
8770345009447_1,-1
8772200146007_1,-1
8772585334615,24
8774767867611,16
8775888501913,3
8784273583328_1,3
8790137279969,3
8791220609230,-1
8800656024108,-1
8803050864278,16
8809796001654,4
8813299136521,16
8813822112217,54
8818281300801,3
8832918774741,4
8837112465179,24
8841568915704_0,4
8841568915704_1,3
8841799192579_1,4
8849709775399,16
8854536268298,14
8863118037613_0,28
8863118037613_1,-1
8865224153314,18
886665652216,85
8868341325689,0
8873538026527_1,32
8876793502617,76
8883628579624,16
8884391244234,56
8887232704681_1,100
8887294846466,4
8888578398369,4
8896967072435,18
89060535231,-1
890894494073_1,4
8924114708494_0,4
8924114708494_1,101
892778000012,4
8930339328321_1,-1
8930339328321_2,13
8931737211706_1,36
8937877873807_1,32
8942025209903,95
8946339318771,-1
8951085312099,114
8955941922423_0,3
8955941922423_1,7
8957965631069,4
8965106718182,1
896603734933,116
8967388142967_1,32
8970767720753,1
8984606071715,1
8984808769383,83
8986217541818,15
8989821127105_0,3
8989821127105_1,-1
8994999652034_0,39
8994999652034_1,17
8995441132481,4
8996637018262_0,100
8996637018262_1,93
8997177045759_1,29
8997177045759_2,-1
8997177045759_3,29
8999791112436_0,28
8999791112436_1,15
9002188100175,39
9002217632190,16
9003930901662,42
9008359542988,-1
9008720067899_1,15
9009803778666,1
9016938525782,16
9018514188853_1,-1
9020867310166,-1
9026597666456_1,24
9032501670437_1,-1
9033448748603_0,1
9033448748603_1,14
9033448748603_2,-1
9033646818322,-1
9038930296952,15
9043299446715,54
9044941896317_0,7
9044941896317_1,-1
9048358949984,4
9055062869870,76
9057159365247_0,-1
9057159365247_1,55
906067299801,45
9063558375886,60
9063796347521,18
9070315963696_1,7
9070315963696_2,-1
9070315963696_3,-1
9070486538909,-1
9080290601417_0,29
9080290601417_1,5
9087457659463,4
9091100133123,4
9092123469121_0,1
9092123469121_1,-1
9092123469121_2,102
9092252425810,-1
9092954049919,85
909995548792_1,35
9105307936399,66
9107429411171_0,16
9107429411171_1,-1
9109092933957_1,7
9110057273107,4
9112884443597_1,-1
9112884443597_2,3
9114198472218,-1
9135208098369_0,102
9135208098369_1,-1
9135208098369_2,13
9135208098369_3,47
9140125054415_0,-1
9140125054415_1,-1
9140125054415_2,4
914340507165_0,4
914340507165_1,73
9145255999784,55
9147308083266_1,96
9151461782767,56
9151681513629_1,-1
9153345055314,9
9154438967271,4
9157849443971_1,-1
9157849443971_2,-1
9170828813961,4
9172324281082,15
9173849194456,7
917715766023,-1
9178560234808,4
9181149319418,1
9183937650848,1
918980435633_1,32
9190212292845_1,56
9191864475715,89
9194179853628,4
9194571738149,54
9194584632887_0,7
9194584632887_1,3
9199365931774_1,-1
9208357307046,-1
9210800941651,40
9211698600020,4
9212752569821_0,4
9212752569821_1,7
9212752569821_2,25
9212752569821_3,-1
921332201501,13
9216947423047_1,24
9219405560177,4
9219927853800_0,4
9219927853800_1,4
9220402515543,-1
9231630178691,19
9233399815893,9
9245716091261,1
9247449396019_0,7
9247449396019_1,-1
9252514366171_0,4
9252514366171_1,24
9260729745200_1,32
9272037145239,63
9272878841030_1,34
9280027439087,24
9287170213569,-1
9288702342328,18
9289036723635_1,4
9289036723635_2,4
9293969782307_1,4
929582746017_1,4
9295950937051_0,39
9295950937051_1,-1
9295950937051_2,17
9312119438804_0,38
9312119438804_1,115
9317733648558,-1
9319079841287_0,9
9319079841287_1,4
9321718620770,62
9329453214637,45
9330858576763,-1
933281379789,16
9333410892666_1,34
9336994821888_0,1
9336994821888_1,22
9337379951501_1,7
9337987200362_1,-1
9343744873139_0,18
9343744873139_1,4
9346781384005_1,4
9346781384005_2,24
9348135356634,4
9350439801947,50
9352881186161,-1
9354900341499,40
9357339208240,98
9357443846939,0
9359851206045,-1
936579336246_0,39
936579336246_1,17
9367075921656,1
9372630397876,54
9375236387491,11
9376908102031,-1
9378714933589_1,13
9378714933589_2,-1
9379238480079,19
9380855496342_1,7
9380855496342_2,-1
938124668401_1,32
938654508790,16
9387050709350,94
9397795373744,1
9400233285604,88
9406903668339,1
9418968836373,-1
9431728370377,16
9433823625648,4
9434159944589_1,90
9438723214078_1,32
9441547106738,46
9454130244674,54
9461142284902_1,69
9461142284902_2,5
9461142284902_3,70
9462013874151_1,4
9462881177066,18
9462959500788,7
9463479298738,16
946949945702,86
9469866402542,25
9476974153453,1
9478317301789,44
9484984044744,15
9488017248336,1
9491686396300_1,24
949633816911,40
9496469156632,71
9498565393459_0,4
9498565393459_1,4
9502142014689,19
9511077070257,-1
9515344243988,3
9515905240473_1,-1
9515905240473_2,99
951894163393,-1
952976541685_1,97
9530954002774_0,3
9530954002774_1,99
9531523375990_1,4
954292854425_0,74
954292854425_1,-1
954292854425_2,-1
9546886700910,-1
9547767516966_1,103
9548201872004,4
9550654638794,4
9551973646778,4
9559213639849,-1
9561691180954,-1
95687049377,4
9572144679165,18
9577579180620,1
9580492693269_1,5
9583580533659_0,112
9583580533659_1,-1
9583580533659_2,5
9583580533659_3,4
9585296439931_1,-1
9595488210609_1,3
9604439603277,20
9610942202743,0
961117221155,-1
961213736269_0,-1
961213736269_1,-1
961213736269_2,3
9612943050695_0,28
9612943050695_1,22
9613493115614,-1
9615778983106_1,5
9615778983106_2,-1
9619157051107_1,-1
9619157051107_2,61
9619343587341,-1
9619587434093,65
962979748902_1,32
9634605448637,38
9635726064411,18
9637002180567,4
9642820549468,24
9644806114262_1,5
9644806114262_2,4
9644806114262_3,107
9644806114262_4,3
9649164627952,15
9652066885087,-1
966205735023,57
9667297254078,19
9671753046801_1,-1
9671753046801_2,9
9673750317680,1
9675657968628,110
9676013272606_1,4
9678721688162_0,0
9678721688162_1,4
9680820031940,-1
968090689298,38
9680961388529,3
9683216585552_0,-1
9683216585552_1,5
9696115264516,-1
9710246198385,-1
9710443225346_0,-1
9710443225346_1,-1
9712189920197_1,4
9714338453237,7
9716396100713,-1
9724788643097,-1
9725322790464_1,82
9725322790464_2,70
9725322790464_3,4
972812401575_0,9
972812401575_1,113
9734957266244,3
9735386899242,39
9739371647944,56
9741161512288_1,88
9752860694781,18
9755002008063,16
9759666724869_1,-1
9761944271494,19
9762406002420,56
9766931279233_1,59
9766931279233_2,13
9769823933522,39
9780968643999,-1
9784932252620,-1
9784993492035_1,4
9788545789881,64
979130278449,50
9796967221215_1,30
9796967221215_2,66
9796967221215_3,-1
9800740082803_1,4
9800833140576,-1
9803693966358_0,102
9803693966358_1,-1
9804897829499,4
9805734395215_0,38
9805734395215_1,106
9806901535877_1,16
9807327221758,12
9814460898479,4
9814560172889_0,56
9814560172889_1,7
9814560172889_2,5
9815305571955,1
9816893010910_1,-1
9824402084173_1,24
9833794593359,21
9835748259523,-1
9837253699940_1,43
9838958701133_1,37
9838976682887,-1
9842730917812,41
984316905089_1,32
9843311945825,81
9846914664072,-1
9849286671547,1
9850288132353_1,49
9851216067172,16
9856145813615,10
9859560775426_1,80
9859560775426_2,81
9865221651086_1,32
9866970076871,-1
9869628233329_1,4
9873836106954_0,98
9873836106954_1,-1
9881961670282,-1
9882665786883,50
9891512211323,1
9898833379540,7
9899377309450_1,82
9899377309450_2,23
9901285480912_1,4
9905909645587,1
9911257993493,1
9911355569590,1
9913848142574,18
9919432316320,22
9925018941978_1,-1
9930593317213_0,6
9930593317213_1,114
9933085889584_1,99
9935327029432,1
9941615683181,9
9942161897787,95
9942635602536,16
9943935759226,16
9944529729425,4
9953489179301,39
9953490933324,76
9957883178390_1,-1
9958729288926_1,4
9958729288926_2,24
9962265838592_1,49
9962582556623,-1
9972825759104,3
9976467529212,22
9980677565725,58
9980914782522_0,9
9980914782522_1,9
9985354803732_1,72
9985914481834_0,112
9985914481834_1,-1
9985914481834_2,18
999285751546,16
9993237053537_0,-1
9993237053537_1,4
9993237053537_2,11
9993237053537_3,24
9998563674489,39
