INCIDENCECODE,DESCRIPTION
100528889087,creando
1007314995715,levantar
1014902821262,quiere
1017842527711,seguir
1018909157155_0,aprehendió
1018909157155_1,proporcional
1022353900726,coinciden
1024796026082_0,unidades
1024796026082_1,Defensa
1026362296318_1,Administración
1032058273483,toreo
1032523929451_0,contar
1032523929451_1,rebajado
1033769207982_1,organización compensación
1033769207982_2,Streisand
1036294620514_1,bajar
1041776938910_1,ver
1041776938910_2,palestinos reparto
1041776938910_3,Cáceres
1044626769953,Periódico
1046480399812,Jugamos
1049262507382_0,echan
1049262507382_1,gusta
1049262507382_2,Ertzaintza
1051791715381,agravado
105613796720_0,Alfonso
105613796720_1,Saviola
105613796720_2,directivo
105613796720_3,hacer
105613796720_4,falleció
105613796720_5,detuvo
1057827755372,presenta
1059063774211_1,partiendo
1063965100685,murió
1066939042652_0,pesó
1066939042652_1,dirigía corre
1068470745703,continúa
1073457361521,afanaron
1075960733328_0,Fondo
1075960733328_1,España
1075960733328_2,MADRID
1080318735722_0,amigos
1080318735722_1,partidos
108204208405,vez
1086214712990,primer
1087122983555_0,hacer
1087122983555_1,practican
1092110887512,jugar
1095579806308_0,fraude
1095579806308_1,llegar
1097176519054,demostrar
1097948578620_1,abrían
1099843598406_0,impidió
1099843598406_1,aseguró
1099883759301,provocado
1103859887039,nacional
1107134880894_0,opina
1107134880894_1,Pavón
1107134880894_2,apareció
1108943320434,coincidido
1114684862549_0,entré
1114684862549_1,fórmula
1116021803513,devolver
112217671251,Madrid
1124296186622_0,realizar
1124296186622_1,autorizar
1129622993686_0,compuso
1129622993686_1,enunciaría
1134141922165,tienen
113629196665_0,Adam
113629196665_1,desplazados
1136450319668,costado
1142204276811_0,celebrar
1142204276811_1,encontramos
1144715334968_0,dispensar
1144715334968_1,colaboran
1144801452253,aprenhendido
1145564612733,resumió
1146870990725,criminal
1150412024100_0,nombres
1150412024100_1,blanco
1153870713968,suprimir
1155430416610,vicepresidente futuro
1155698800056,Sorprendió
1157491307388,realizar
1162137020528_1,González
1162137020528_2,HB
1162667935943,llevarlo
1162780823360,sehabía
1163606094197,tiene
1172832090995_0,enfrentan
1172832090995_1,Magouras
1172985468662,vecino
1178621100870,causa
1183105029730,sentar
11851705110,favor
1192730211867_0,tenía
1192730211867_1,dinásticos
1201523482192_0,mató
1201523482192_1,Arriluzea
1201523482192_2,pareja
1205920582657_1,destacan
1205920582657_2,tienen
1205920582657_3,costado
1206549323283_1,continuaron
1209262915041_0,desarrollar
1209262915041_1,Palmas
121234162884,sindicatos
1215171839927,puesto
1216305769895,inversor».Para
122213356152_0,sean alegó
122213356152_1,competirá
1232484966560,primero
1236909075622_1,mal
1242453586796_1,inauguró
1251025306368_1,tiene
1255324969195,abultada
1255858822998,contribuir
1258203748971,protestaron
1259204070591_1,numerosas
1261385571404_0,Eloy
1261385571404_1,proceda
1265622226823,antropólogos
1270372031775,espera
1276211575150_0,Luis
1276211575150_1,tragedia
128440559388_0,Estados
128440559388_1,País
128685049804,está
1288179028437_0,muy
1288179028437_1,Real
1304617187137,diagnóstico
1306106974101,equipos
1307930313586,bronca
1311622146197_2,escritos
1311622146197_3,Estados
1311622146197_4,viene
1311622146197_5,demostrada
131449352049,defensas
1316612507478_0,cortármelo
1316612507478_1,Hizo
1316612507478_2,Uriarte
1316612507478_3,dijo
1319823649206,primera
1322658098007,llega
132426234616,crea
1325142123610,años
132582849876_0,recuperasen
132582849876_1,constantes
1327311148596_1,madridista
1343869542518,mundo
1353316669332,quiere
1357728793140,transforma
1358400875110,integrada
1365927753479,presidente
13663315097,despedirse
1366485088744,servirá
1366573901991,espera
1367986211190,coincidido
1373753233182,morirá
1375197001669,peor
1375944211751,pide
1380389416762_0,Mendieta
1380389416762_1,repertorio
1381305563333,banda
1382412420222,citó
1387918661811_1,dijeron
1388942782993,explica
1398178088884_0,fallaron
1398178088884_1,Sebastián
1405985474759,hubo intenta
1408870330759_1,pensar
1408870330759_2,años Sanidad
1409139727842,nuevo electrónico
141148153079,Jacques
1411818318686,comercial
1412177060745_1,mundo
1414101342335,ofrecido
1421852363413,Emergencia
1422439079816_0,Europa
1422439079816_1,restó
1424132422363,exista
1425666168071,llegando
1433084635272,creando
1435259886128,defensa
1438053356376_1,aumentar
1438069199560,cuesta
1439287998597,tengan
1441410703010,tiene
1452024795840,servir
1452746036184,Quiero
1453159653180,valorar
1453576199100,refugiarse
1453858771085_1,laestructura
1457583849386_1,desaparece
1457583849386_2,Prestige
1457583849386_3,pérdida
1461807253251,desapareciera
14633891728_1,quedan
1465287053674,jurídica
146709919904_0,utilizándose
146709919904_1,quedado
1467879305360_0,Nacional
1467879305360_1,lleva
1467879305360_2,Comisiones
1467879305360_3,argumenta
1471361367924,gigantesco
1471834394098,Ibiza
1472275691416,creo
1473710772375,tiene
1478369640691,Cataluña
1494135332395_1,infancia
1494430852953,costas
1495372434992,almacenar
1496627784868_1,dar
1509411071873,producción
1511389725767,caen
1513127336913,presentar
1514645864613_0,considera
1514645864613_1,valor
1515259047558,científicos aguerrido
1516918319832,suficiente
1519712680652,Ciencia
1525618083818_1,elegida
1525618083818_2,supernovas
1526687065720,Homs
1532145512835,Necesitamos
1535705070580,viven
153715402013,resultará
1540555220419_0,imputar
1540555220419_1,eliminado
1542460615750_1,hiperdesarrolladas
1543017393095,perjudicado?-En
154365400094_1,Bolsa
1550131826597_0,copago
1550131826597_1,fue
1550131826597_2,mata
1552044319847,identifica
155289721923_1,puestos
1553842532048,conoce
1557178957153,surgieron
1557424651792,atendiendo
155809696287,término
1559178613369_0,obtener
1559178613369_1,animó
1559178613369_2,aliviar
1559178613369_3,rechazado
1559190566912_0,llevan
1559190566912_1,ser
1559496925502,detenido
1559607604441,Van
157157004615_0,resultado
157157004615_1,podría
157157004615_2,lanza
1571891920618,acusa
1573405708139,hacer
1577656158578,juega
1588662751750_1,Teorema»-
1589193263802,sufrieron
159004969304_0,ser llegá
159004969304_1,tiene
159004969304_2,Segovia
1598784843827_1,oficial
1598784843827_2,Arrabal
1598784843827_3,notificada
160132769620,lugar
1602013932872,genes
1602088116489,prolonga
1602980670362,inglesa
1611436909945,marcar?-
1613996307301_1,Transportes
1623048549820,marzo
1623661837173,contado
1625727400694,saltar
1625906441600_1,incluirse
1625906441600_2,justificada
1628500326124_0,llevar
1628500326124_1,lograr
1628500326124_2,mercado
1630058727003_1,llevarlo
1631646182433,Beatriz
1634113588625,imputado
1639701386814,digo
1647303889417_1,decidido
1654870984848,aprobó
1657219194455_0,Quirós
1657219194455_1,Nacional
1666868628102_0,autopsia
1666868628102_1,entienda
1674332854591,han
1677745925123,pidieron
1679601162845,científica
1680164339287_0,programa
1680164339287_1,piratería
1693590759667_0,Educación
1693590759667_1,Cine
1693590759667_2,justificable
1693590759667_3,supo
1693590759667_4,bebiéndose
1693590759667_5,llevará
1695257194033_1,Obligatoria
1695257194033_2,supera
1695257194033_3,revalorizado enseñaba
1695257194033_4,normativas
1695779269989_1,levantado
1695779269989_2,hacer
1698595691740,llega
1701654010777,declaración
170419230106,comenta
1707067932788_1,presentó
1711694944626,escapar
1716080757161,Amrozi
1718986625566_1,quiere
1718986625566_2,ponía
1719906989782,mermada
1720060812472_1,traslada
1721312455608_1,Igor
1721312455608_2,Juan
174560728759_0,oponen
174560728759_1,llegue
174560728759_3,Mayor
174560728759_4,Israel
1750038060631_0,entrar
1750038060631_1,registrará
1752022030652_0,juego
1752022030652_1,admiran
1752360619235,precisó
1755958980464,renunciar
1760704876985,categoría
176535667557,depositados
1766695468357_0,sumergirse
1766695468357_1,doña
1766695468357_2,García
1766695468357_3,perdido
1766695468357_4,Juan
1767933871411,provocado
1769473643355_0,Justicia
1769473643355_1,Watson
178306204242,hacer
1786302265935,tienen
1786882140041_0,debatía
1786882140041_1,haber tiene
1787832694299,hacíamos
180101558480,acercaba
1808489017974,alternado
181428488044_1,venta
1814677210268,sé
1815007183737_1,tienen
1816436203504,ciudad
1817236149645,compenetre
1829737873544,desarrollaría
1838141318572_1,vídeo partidos
1838141318572_2,Nacional
1851709855082_1,registró
1853789212695_0,limitan
1853789212695_1,quedaríamos
1855792171333,lunes
1857943489038_1,OCDE
1858569290948_1,prolongarse
1860001684096,toro
1865594521880,aspiran
1867652356870,jugar
187386754087,hace
1875587152367_0,celular
1875587152367_1,lógico
1875961504063_1,peor
1877651648730_0,cáncer
1877651648730_1,diciéndonos
187776093241,aparecieron
1878430423958,separan
1881871173313,ir
1882005051184_1,Camp
1882005051184_2,dice
1882807668917,tenía
1888453632638,Reino
1891246046284_0,Alberto
1891246046284_1,CASA
1902296750648,helicóptero
1905554469090,ir
1911902345979,dijeron
1914158818100,naciera
1922182391696_1,España
1923536262974_0,sé
1923536262974_1,encarar
192909239883,podio
1929284076507,ocurrió
1929602037561,informe
1932507957968_0,Martínez
1932507957968_1,encargado
1934581205871,esenciales
1937599550383,Guthrie
1939081892149,partir
1942753300278_0,profesión
1942753300278_1,fueron
1942753300278_2,representaría
1947638668333,fracasado
1963054113968_0,Anllons
1963054113968_1,inmueble
1963756521353_1,emitirse
1965713400978,rodar
1973873969353_1,recogidas
1974036030545,recordaba
1977554143522,cargo
198346929528,Barcelona
1983779673312_0,negociar
1983779673312_1,propios
1987978823948,conclusiones
1988655604090_1,merece
1989176745858,dirhams
1989301021845_0,relegados
1989301021845_1,destino
1989301021845_2,concurso
1989301021845_3,mala
1990593234616_0,activa
1990593234616_1,francés
1993135258282_1,hacíamos
1993870836218,sabe
2003603464495_0,decía
2003603464495_1,juega
2007709017458_0,Estados
2007709017458_1,juega
2019222346348,implicará
2029596198729_0,ven
2029596198729_1,jugar
2029596198729_2,vuelve
2029596198729_3,pasado
2033827211014_1,falta
2037676362351,rectificado
2044006373970_0,Emergencias
2044006373970_1,embarcar
2045262693713,vistosas
2051374500364_0,solicitando
2051374500364_1,cuenta
2060511089099_0,intentado
2060511089099_1,medicamento
2064809836987,pierde
2066908662566_0,económicas
2066908662566_1,gobernadas
2067032898309_1,Fuentes
2067673513390,subrayando
2067781397610,gobiernan
2068926808111,alcanzada
2080004310506,económicas
2081786648386,creo
2083735973679,lidiará
2094811826348,grado
2096088870690,pretenden
2099904842544,creo
2105737998697,extendía
2108934202767_0,compilarlos
2108934202767_1,constantes
21123691405,indicado
2121242848198,mercadotecnia
2122952177531_0,asegura
2122952177531_1,mantener
213171054581,ahorrado?-No
2133091598603,recibió
2133094278117,Rafael
2136497321345,pretende
2137121195738,tuvo
2139291774205,capaz
2141277336893_1,tengan
214170168509,trabajé
2144607634635,pensado
2145736342783,perderá
2148916617493,considero
2149565602240,España
2150414544789,decidió
2150806825746,Gobierno
2153373131472,miembros
215542268020_1,auguró
2155572821947_0,lesioné
2155572821947_1,informe
2155572821947_2,quedarme
2155572821947_3,juega
2165232207950_0,evento
2165232207950_1,ampliar
2165372467473_1,imaginación.-¿Por
2165523236990,creo
2165647009705,cumplir
2166326898462_1,resistir
2166852055750,años
217218275191_0,recibido
217218275191_1,puesto
2173900465664_0,sobrevivir
2173900465664_1,cayó
2173900465664_2,jugadores.-
2175714639168_0,iniciarse
2175714639168_1,pasado
2176555988725,escuchado
2193902212368_1,suicida
2196796624891_0,Pavón
2196796624891_1,Historia
2198978346547,observado
219966756439,añadió
2203859470549,memoria
2204207080716,diré
2208517959648_0,superado
2208517959648_1,persigan estrelló
2208517959648_2,Ronaldo
2210362861323_1,romper
2211222752329,señaló
2218192439667,detalle
2218667539753,consecuencias
2222497037125,tiene
2223704259892,hacía
2224146725319,ingresado
222615081477,incendiadas
2229690230473,poner
2229997446628_1,UGT
2229997446628_2,Gaal
2233546997515,informó entrenó
2239282618897_1,protagoniza
2239957854547,incluir
2248442597446,pretendido
2249430766393,retornos
2259523388958,chillando
2264659521413_1,Arnés
2269120217343,ceutíes
2270638957441,madridista
2274807444032_1,apresados
2280306934632,pidió
2284201139544,sido
2284884864294_0,estado
2284884864294_1,compensar
2285044415876_0,Reiziger
2285044415876_1,preguntas.-Usted
228558667949_0,visto
228558667949_1,obsesiona
228558667949_2,tener
228558667949_3,durará
2290023863575_1,tengan
2290962937905,buscar
2292937122923_0,revelan
2292937122923_1,refería
2295963054470_1,palestino
2296233712603,Deferr
2299327033296,inmueble
2303485873123,orbita
2306140704708,crisis
2308697884717_1,costado
2308956536644_0,Don
2308956536644_1,escogerán
2314867731396_1,resolver
2316118487694_1,recibir
2320199414566,momento
2321020831829_1,tratara
2323577393061_0,pensado
2323577393061_1,incluidos
2327626483688,argumentó
2332019095871_1,buscar
2332019095871_2,Pensábamos
2332019095871_3,RODRIGO
2338209718391_1,Surgen
2338209718391_2,caída Martínez
2338321476610,salgan
2339160280081,técnicas
2341267876273,explotando
2341346352921,morir
2342382200828_1,moral
2348479019463,usa
2352607632608,evitar
2355852436227_0,único
2355852436227_1,mayores.-No
2360088057637_1,dice
2362871878775,ministerial
2373462043114_1,obra
2373462043114_2,ido
2373618174331,solicitado
2376117662161,podrá
2380335657684,partidario
2383181306519,abierto
2386527588346,quéopispos
238809393672_0,Madrid
238809393672_1,primer
2389184773544_1,alemana
2391133977338_1,entiendeque
2391133977338_2,»
2401105909813,tremenda.-¿Es
2407340124478,Efe
2408135725704,seguir
2410619115719,echan
2415458870042,escritos
2420039760176,azulgrana
2420803257646_1,esforzarse
2422160362780_0,ira
2422160362780_1,Francia
242658982932,extiende
2431616967136,puesta
2432741601339,llenado
2434700137644,participaba
2435318319348,viven
2435985873371,Miike
2437113822013,casa
2440666403807_1,comienza
2442117509097,triunfar
2447547075626,precios
2449465951122,ley
2453030943573,nacido
2459201850660,modificado
2461213824114,revalidado
2464101687616,Piñeyro Hernández
2464900223183,asociados
2466400408687_1,plantea
2466785140674_1,dio
248399930091_1,ha
2484644678921,propusieron
248486613306_1,telefonía
2493002292834,provocado
2495306433220,muestra
2496612235507_1,hace
2496612235507_2,mundo
250072781131,abarrota
2502459061631,hicimos
2503536588041,explica
250490991760_0,impera
250490991760_1,va
250490991760_2,elogiando
2505789359205,tiene
2508302097750,acabe
2508477453069,reconocen mantener
2512665216831,berberechos
2517693982854,evoluciona
2523129513377_1,igual
2529092117438_1,cumpliendo
2529179590805,bebiéndose
2533020993331,todavía
2534716578235_1,Martínez
2536284105243,SGAE
2540586021775,estuvo
254473322214_1,Navidad
255866550212_1,antigüedadHace
2563692858574,comercializada
2567890145655_0,emitió
2567890145655_1,trocaban
2573909126844_1,hacer
2579806583529_1,manifestado
2583252187676,desarrollará
2584298107444,España
2585198056023,público
2586050481789,lobos
2587994554979,especificado
2595743769765_0,encontrar
2595743769765_1,ganó
2598943685709,porcentaje
2602020854781,sanciones
2605616715144,encuentran
2611122131150,sabe
2612838892662,llevarlo
2619634475810,últimas
2626324898724,español
2628935009492,portuguesa
264437399657_0,tiran
264437399657_1,Hagens
2647898512048,dice
2648045855288,última
2648487729674,ganar
2650646422833_1,tratados
2655064643193,Médicos
2656829843608_0,Temporada
2656829843608_1,IAC
2660964070602_0,proteger
2660964070602_1,participamos
266305686089,Lequio
2667346120761,vuelo
2667542135305_1,llevarlo
2669844754372,pedido
2671681554907,siendo
2682371334632_1,repetir
2682914057920,interpretan
2687893782094,recibido
269030687364_1,Pilar
2694794104462,aumentando
2697067692837_0,obligaron
2697067692837_1,popularizar
2697067692837_2,tenido
2697067692837_3,condenara
2703036889089_1,ha entrar
2723495126518_1,utilizar
2723495126518_2,Piñeyro
2730443036817_1,considera
2736487247168,convierte
273850223506,remontó
2738668140032,responsabilidad
2746121469474,dice
274888394209_1,Albert
2751764546320,integrado
2756943889127_0,Cataluña
2756943889127_1,parar
2757744033345,sigan
2767248658549_1,situó
276758911893,achacan
2768235984802_1,rotundo
2769149541226_0,inició
2769149541226_1,Santa
2769149541226_2,Dylan
2772038166557_1,Pablo
2774110340645,Atlántica
2790988226884,destacaron
279199072482,bate
279229843969_1,pasó
2795394888567,durar
2795618734775,muerte
2797701207793,sacó
2799021065443,investigación
280030319655_1,detenido
2803350334672_1,devolver
2815254679127,cuidado
2817689004463_0,punto
2817689004463_1,reverberó
282472204443,convocar
2827260647872_0,observará
2827260647872_1,igual
2830706563656,ver dio
2834441311016_1,Real
2834441311016_2,Zarzalejos
2844842752788,sustituidos
2851565023548,denomina
2859410972361_1,aspiran
2861385306600_1,manifestaron
2862665384356_0,genital
2862665384356_1,plantear
2871532324236,verde
2873602463224_1,sabe
2876210948936,oportunidad
2876211517111,entrar
2876901745537,práctica
2877377645442,instalaron
2881512775500,tiene
2885498551471_1,regresar
2885711606873,Nuevo
2894053703132,tememos
289523435926,Liga
2896161627342_0,necesitará
2896161627342_1,participar
2909436036019,Saviola
2911086697291,negaban
2916860354200_1,recaer
2916860354200_2,dando
2917634523044_1,celebró
2918001889467,eran quedará
292383953773,vista
2924295973293,aluden
2927507195493_0,Journal
2927507195493_1,Galp
2929436089546_0,realidad
2929436089546_1,marcado
2930977597312,discos
2948289563143,limitaron
2957046129705_1,presentan
2957677812859,van
2958035986309_1,jugarán
297624888145,inclinaba
2977843026461_1,Camp
2977843026461_2,francesa
2979188782723_0,aprenhendido
2979188782723_1,ruego
2979582875607,acabado
2981468846774_0,Charlie
2981468846774_1,entorno
2982452882160,afectadas
2990540708149,paga
2993983880832_1,dejar
2994147454362,abandonar
3006481342185,amenazaron
3006740713428,Quiero
3008039396470,cambiar
3012084410014_1,ver
3013919356959,crear presidió
3015108418839,enfrenta
3021388771498_0,intrínsecas
3021388771498_1,afecten
3022801043354,comienza
3029811205088_1,logró
3029811205088_2,guste
302990244207_0,espaciadas declaradas
303055297060_1,interfiere
303055297060_2,vende
3030922893651_1,Grove
3030922893651_2,paso
3032464273758_1,película
3034704810986,reverberó
3035268380306_1,desangrada
303930467096,traerá
3039716650752,dirá
3042080737384,muestra
304525669670_1,numerosas
304525669670_2,Sociedad
304644352808,renunciar
3046702291215_1,repitiera
3048252281521,investigación
3052040091334_1,VictoriaEugenia
3052040091334_2,Beatriz
3054780420118,llegar
3055713724278,muralla
3063705466971,responde
3066082825756,Estado
3067638645138,compara
3071311601084,confirmado
3077160917430_1,Consejo
3078400522661,pretender
3079736801924,Creo
3082238778553_0,repetirá
3082238778553_1,Figueras
3082238778553_2,Estados
3084798148265,Euba
3089776039120_1,afirmó
3100097403428,pequeño importantes israelíes amplio humanos aéreos
3105712743471,pasos
3108965933902,situados artificial respectivas interesantes necesaria mayor
3117741044769_1,informó
3124885491883_1,resistir
3128855379128_0,estirar
3128855379128_1,Olmo
3132684885773_0,quedé
3132684885773_1,Argentina
3132684885773_2,Camp
3136459893145,falsa
313675818502,depuren
3139653762238,tendrán
3143630635275,convierte
3143962581263_0,Irak
3143962581263_1,espectacular
3149247152014_1,bailar
3149247152014_2,Ministerio
3149247152014_3,hecho
3153380665036_0,Fernando
3153380665036_1,MADRID
3156993981160_1,causada
3158099391483,haciendo
315913012081,extendía
3171224973807_0,tiempo
3171224973807_1,indefinición
3172124076558,mariquita
3174247745780,llevaba
3174623524090_0,Asia
3174623524090_1,Portugal
3184431623089_1,Industrial
3195131444863,resaltó
3195798495405,regresaron
3196656004317,canal
3196956107693_1,Ciencia
3196956107693_2,destinados
3196956107693_3,reducirá
3198393220064_1,realizará
3203826994832,asegura
3204360560084,sufre
3205871440265_0,ocurrió
3205871440265_1,regresaba
3205871440265_2,Sociedad
3205871440265_3,tenía
3206348259145,Sanne
3206689637561,proyecto
3214050431237,promocionamos
3232691226160,participan
3239487775725_1,reacciona
3239487775725_2,morder
3239487775725_3,coger
3248696399715_0,decrete
3248696399715_1,uniendo
3249977575350,indudable
3250139736372,es
3255949467679,forma
3257300937221,Siemens
3259624511337_0,tiene
3259624511337_1,quiere
3259624511337_2,Arrabal
326986242397,escogerán
3276624651632,rebajado
3280103374787,integran
3281168091403_0,Salazar
3281168091403_1,establece
3286129573690_0,crea
3286129573690_1,importante
3297217392250,conocen
3297766672726_1,gustó
3304383544701,conviven
3304943400163_0,Ian
3304943400163_1,pertenecen
3305378447717,quieren
3313239953405_0,Natividad
3313239953405_1,Riquelme
3322735353326_0,sostuvo
3322735353326_1,queda
3323338603416,Irak
3323614987641_1,consideraba
3324105008796,dictado
3325644155388_0,más
3325644155388_1,relativa
3334162372281,informó
3338355677011_1,Recordaba
3339522265260,binario hecho grandes moral única cometido
3339643790065,esfuerzo
3340940814248,equilibrar
334247683456,representaría
3342513496120_0,uso
3342513496120_1,millones
3342513496120_2,tocado
3342513496120_3,termina
3342513496120_4,olvidar
3347999286106_1,homogeneizar
3347999286106_2,HPV
3347999286106_3,ordenar
3349481349655_0,pidieron
3349481349655_1,habíanpresentado
3349695569227_0,imparable
3349695569227_1,quiere
3358545168106,dosis
3360093304466_1,desapareció
3361854090766_1,mesa
3361949357554_0,magnesio
3361949357554_1,Energía
3363140791305,realizó
336814058756,leyó
3371194811219,Vizcaya
3371985680799_1,OCDE
3376052634111,trabajé
3380838166988,compatibilizar
3384488300781_1,afectarán
3384488300781_2,aspectos »
3389438222228,actualiza
3391733291016,padre
3393423047636_1,tenía
3403781975835,salido
3409342455911,adultas-
3411711906619_1,imputados
3417621675916_1,Empezó
3417621675916_2,belicista
3425225937297_1,sufrió
3425225937297_2,África
3425225937297_3,acabó
3425510128314,participantesen
3434001239385,venta
3435535837841,brindaron
3441655253611_1,enveneno.-No
3444943024695,Empecé
3446663841536_0,Lorenzo
3446663841536_1,cerrar
3446663841536_2,Via
3447439759669_1,hará
3447786533597_0,venció integran
3447786533597_1,organizado
3457473732138,Comunidades
3458608879489_0,estudios
3458608879489_1,ido
3458736781443_1,acusación
3464414656298,sector
3470976135682_1,Eslovaquia
3473818902467_0,desconfiado
3473818902467_1,hacíamos
3475558896117,emplear
3477263882293,imposible
3481380629275,señaló
3481676675231_0,merecían
3481676675231_1,Fomento
3481676675231_2,Educación
3482813803104,vivió
3488559319491,achacan
3491396579116,aéreos
3495046622692,ocurre
3495910129307,conmutada
350309327387_0,Cáritas
350309327387_1,ingresado
3507111641427,diré
3509169791362_1,Ericsson
351014777076,sustituirá
3514818931762_1,permiten
351615794581,mejores
3520202967756,clasificación
3523423966120,vender
3527542179598_0,terrorista
3527542179598_1,decidido
3537090562261_1,muerto
3537090562261_2,confiere
3537090562261_3,gusta
3537274007685_1,Audienciarecuerda
3538399874926_1,llegando
35460084478,figuras
3549886101044,comprometidos
3550014927170_0,nombre
3550014927170_1,tratada
3551973764451,fallaron
3560731134747,plantea
3566498392211,cuota
3570551413586,vive
3578908291849,vivir
3579042706868,decirse
3579237209578,producirse
3592357132894,exige
3599329811268_0,ven
3599329811268_1,Miguel
3603155099270_1,Vivendi
3603155099270_2,apuntaba
3605187557700_0,parecía
3605187557700_1,hoy
3605187557700_2,dijo
3605187557700_3,esperar
3607370784837,casi
3616339539810_1,Jorge
3616992440273_1,aspirar
3616992440273_2,Telecom
3616992440273_3,Barcelona
3622991935908,murió
362454773819_1,recoge
362539359457_1,cuenta
362539359457_2,coche
362539359457_3,dar
3628421751698,vivido
3631516983200_0,es pasado
3631516983200_1,operacionesen
3633929337537_1,Rodrigo.«Maricarmen
3634590946176,franja últimos
3637559870563_1,Álvarez
3639258708043_1,habla
3639258708043_2,querecordó
3639258708043_3,The
3644620745816,pasadas
3654493235698,nacido
3656205452323_1,determinar
3660215976135,pista
3663406991923,abierto
3664573141131,dejaba
366763461720_1,Impelidos
3670296526160_1,derrotado
3676230352978_0,levantó
3676230352978_1,puesto
368836708626,perder
3692502970754_0,seguido
3692502970754_1,Sandra
3695992649634,Pipo
3697140122161_0,rey
3697140122161_1,Hace
3697140122161_2,potenciando
3697705371963,-galardonada
3697740715198,rescatado
3697841184225_0,dejó
3697841184225_1,España
3697841184225_2,Corretja
3700628277201,todavía
370501323073,gusta
3705303513941_1,impresentable
3710683707601,pensar
3711679050089,pisaron
3714154499107_0,antes
3714154499107_1,sucede
3718501167037,conseguido
3719363495587_1,primeros
3726208239392,Ciudad
372878148720,empleo
3734155538000,daba
3737137814655,superior.-
3737869516167,navegar
3738232086297_1,Barcelona
3739378952881,tenemos
374376447075_1,Carril
3749949528467_1,recibieron
3751220847977,revalorizado
3758234707919_1,upon
3760292297894_1,sea señalar
3761688540566,asumieron
3776539004196_1,cancionero
3781795826212_1,nació
3789827994059_0,Johnhawk
3789827994059_1,Civil
3789827994059_2,Arrabal
3793021490921_1,escucharle
3793586326652_1,Teorema»-
3796967927548,contratarle
3801224390919,durará
3801224686467,estarán
380294782908_1,Vega
380294782908_2,Rufino
381514746304,función
3817535669924,levanta
3817681879112,ls
3819667854048_1,provocada
3820071292073,amontonándose
3820177875100,salir
3823295563956,publicó
3823942704676,permite
3838957779680,años
383927142887,revisarse
3853904792164,comentó
3854755567451_1,Dylan
3856833656641_1,conocido
3861951156986,zona
3864603431086_0,central
3864603431086_1,respondiendo
3876151014632,final
3876798483027,realizar
3877176795933_0,acabó
3877176795933_1,ingleses
3877176795933_2,Cho
389168291131,polvorín
3892390679937,rigen
3894249792428_1,perder
3895622272245_1,sirva
3895622272245_2,contestaría
3899150363835,presta
3899961273910,niveles
3901905769771_1,importantes
3901905769771_2,Colomán
390437029057,disponer
3906306623136,vi
391120316916,conjuntos
391949672893_1,considerado
3922202154419,Depende
3924074675311,manifestaron
3929883150132_1,subrayó
3932477067994_0,Economía
3932477067994_1,Times
3934191264684_1,Salud
3934191264684_2,Gutiérrez
3936026439807,ganamos
393632741685,inclinaba
3939706471989,practican
3942771261327,cumplir
3944480041049_1,Fiscalía
3944480041049_2,echa
3944739705809,sellar
3953648023003,estructura
3953989658268_0,murieron
3953989658268_1,Paul
3954017553236,parecido
3959368890383_1,Amaya
3964690919664_0,causó
3964690919664_1,refugiaron
3965609006619_0,llegar
3965609006619_1,ganó
3974236602669,adquirió
3980730578145_0,quiere
3980730578145_1,mandó
3981107106302,celebró
3985319603,compararon
3986726683933,alegadas
3988115115880,suponer
3994796128127,teman
3999453406154,CC.OO
4006450606144,fallaron
4006802799489,despedida
4013137538973,detenido
4017202438682,acercó
4023332995646_1,Guthrie
4023332995646_2,Mayor
4023341081251,demagogias
4025317477612_0,reverberó
4025317477612_1,RODRIGO
4025392147701_1,prolongarse
4026091668137_0,es
4026091668137_1,informaban
4026091668137_2,Gustavo
4026091668137_3,lograron
4032848379949,teníamos
4033810685942,Javier
4036133836973,traduzco
4043189071571_1,sumergirse
4048358207895,Ejército
4050878700209_1,realizar
4056159008485_1,Madrid
4060788669011_1,Nigeria
4062706292367,resulta
4065125888323,escapar
4069237531393,habíanpresentado
4074328305717_0,calificada
4074328305717_1,dirigía
4074328305717_2,produjo
4074328305717_3,Cristóbal
4075192795342_0,dirección
4075192795342_1,buenos
4084583604115_0,queda
4084583604115_1,crrear
4086099493229,emplear
4087417584708,hacer
4098418524743,está
4099505653725_0,imputados
4099505653725_1,Mr
4099505653725_2,contribuido
4104348695911,Real
4105000208155,padres
4106103629225_1,Unión
4109179972748_0,dado
4109179972748_1,planteado
4115575710798,culpa
4115603151329,creado
4116495905508_0,informa
4116495905508_1,aprovechar
4116495905508_2,Gobierno
4116495905508_3,descubrió
4116495905508_4,Hasi
4118105002854,determinados
4121094315580_0,vuelve
4121094315580_1,jugar
4121094315580_2,Arnés
412193478235_1,saturados
4122472504624,inversión
4124397949455_0,punto
4124397949455_1,telecomunicaciones
4124823815540_1,mar
4124861435934,enfrentase
4125476943065_1,reciente
4127015738289,Carlos
4127893503253,hace
4128825860648_0,dato
4128825860648_1,disputan
4130530398323_0,decidió
4130530398323_1,quedarme
4130530398323_2,incendiaron
4137368791905_0,salido
4137368791905_1,cantidad
4137564957834_0,compendian
4137564957834_1,une
413942574972,Carlos
4140570658081,está
4140668844452,olvidar
4143107077883,partido
4143828512963_0,Hizo
4143828512963_1,tenía
4147502727319_0,moral
4147502727319_1,era
4150519500117,trata
4153293861462,conocer
4155194855724,Sé
4159169317663,experimentado
4160508729885_0,Talavera
4160508729885_1,Zidane
4172100822234_0,atacó
4172100822234_1,parado
4176126305696_1,Hace
4185982911531,Madrid?-No
419046216604_0,Haciendas
419046216604_1,Jorge
4193806879630,fue
4195367675183,estaban
4196067595750_1,nueva
4197635343633,ganar
4199994551790,recuerdo
4206068743799,adaptar
4209524404635_1,unidades
4209524404635_2,trabajar
4213275240605_1,armada
4221250314659,competir
4226465363416,puso
4231009066829,muerto
4231024538078,imprevisto
4233198027896,rectificar
4239037056717_0,obligaron
4239037056717_2,guiarme
4239904513874,pierde
4244651980343,paseó
4244849849439,Miguel
4246231226200,variarán
4249429987119,parisino
4251146972011,celebrar
4251981976838,define
4259757010703,exilio
4269814104853_0,Hagens
4269814104853_1,descansen
4269814104853_2,PP
4271315921629_0,comentó
4271315921629_1,Barça)Tenista«Me
4272691874838_1,informó
4272691874838_2,caído
4272691874838_3,Administraciones
4280469229659_1,ganar
4280469229659_2,dicen
4291262665672_1,llegan
4294395527456_0,tomadas
4294395527456_1,importante
4299514314618,exige
430310011028_1,Barça
4304892310154_0,nuevos
4304892310154_1,goleadora
4308235938647,autoridad
4309673626040,prevista
4311820663477,explicó
4314596682757,explosiva mayor
4314851743368,jugaría
4316914041749,puntos
4321925578360,tratadas
4323856186516,entienda
4324161158098_1,define
4327709920202_0,Juan
4327709920202_1,comía
4327709920202_2,Administraciones
4327709920202_3,negociar
4333793485372,imputándoles
4334981604883_1,depositados
4337505294638_0,capitán
4337505294638_1,Bouard
4342362169045,cambio
4345719718904,Yihad
4345936888751,aseguraba
4349605879064_1,instalar
4350969779315,formaba
4352650554312,revisarse
4354914255552_1,logra
4359732132540_1,acompaña
4364811007810,morder
4364937651595_0,diarios
4364937651595_1,Nuevo
43656177177_1,demuestra
4372219980572,pueden
4380748852587,tropieza
4386051919481,conocer
4386621330604,considerado
4392444029152,compararon
4394608142547,engatusar
4396164708929,puntos
4398866124034_1,eleva
4400455849193,industria
4403334366020_0,añade
4403334366020_1,organizar
4412079018959,enfatizó
4412269908454,adaptan
4417113311561_0,originar
4417113311561_1,alcanzaron
4417113311561_2,paulatinos
442024987291,descargando
4421176201712,perseguía
4423086671223_0,Barcelona
4423086671223_1,Tony
4424593842416,considera
4424859724910,pasó
4427559861037_1,sufrió
4427559861037_2,localidades Estado
4430582745375,reside
4435875920420,tiene
4446318665680_1,dijeron
4455095880301,supervisar
4457252128782,fantástico
4463857283890_1,causado
446438805756_1,mira
446438805756_2,estela Comunidad
4465640408726_0,live
4465640408726_1,acelerar
4468232094442,embrionarias
4468322535557,contrario.-
4471326354550_0,sometido
4471326354550_1,abandonar
4471326354550_2,tener
4471326354550_3,compara
4488324682400_1,Sucede
4496942010493_1,desarrollar
4502841733793,explicado
4503755644109,producción
4506432887694_0,cerraban
4506432887694_1,Da´i
4507271349387,acompañado
4507816161694_1,compre
4507816161694_2,Fundación
4508238930694,arrebatadora enamorado
451979563312,deltraslado
4520506469747,Míchel
4522222734412_1,Sabemos
4522222734412_2,saltar
4523804891718_1,zona?-
4523804891718_2,XXI
4525896759778,quiere
45329670080,ganaron
4541832377211,volvía
4545921391268_0,Rául
4545921391268_1,recogidas
4545921391268_2,fue
4545921391268_3,es
4549207747523,monjas
4550556049424,participado
4553476375959_1,humo
4553476375959_2,dicen
455591622752,jugar
4557866146794,kilómetros
4558642131545,mercado
4564316716276_1,comenta
4564923767303_1,navegación
4567336047524,reuniones
4573232078659,familia
4573491259090,casarse
4574413566051_1,Takamado
4574413566051_2,hemiciclo
4574413566051_3,buenas
4577490361635,ganar
4579333298194,tiene
4581655755951,proyecto
4583410598750_0,avanzadas desnudas
4583410598750_1,familia
4583410598750_2,anticipa
4586402371084_1,segura
4587059758756,convierte
4587883977109,tenía
4594443279350,trasladó
4596846268956_1,celebrar
4604906113622,subían
4610756235196_1,Ministerio
4610756235196_2,Bruce
4611432790207_0,costado
4611432790207_1,tiene indagan
4611432790207_2,Jerusalén
4614192416927_1,dirige
462315505506,manifestó
4624142559863,recibido
4634807353672,logrado
4638304044615,lógico
464059168423,proporcionando
4644471919168,pidió
4647254280315,esperaba
4650721091139_1,olvidado
4651347160089_1,Van
4666998538968_1,reacciona
4667901822233,años
4675378906339,incendiadas
4675703232686_0,vio
4675703232686_1,reacciona
4691994753170,guiarme
4698627007413_1,ha
4698627007413_2,graparan
4698627007413_3,hacía
4702410722828,playeros
4704739019538_0,implicará
4704739019538_1,enfrentase
4704739019538_2,desarrollar
4704739019538_3,esperar
4705572449167_1,protagonizadas
4717743445025_1,Jujuy
4717743445025_2,sobresaliendo
472750351016,intenta
4727524173867,motivó
4728394254813,eincluso
4733751965219,actual
473388550058,importante
4735449014003_1,servir
4735449014003_2,fecha
4735633156213,trataría
4736268658580,enfrentasen
4744139345016,detectarse
4749551130200_0,Cristina
4749551130200_1,haciéndolo
4751542837283,Medina
4751545361451_1,proteger
4751951895602,Jugamos
4753011077229,perder
4754737114386_1,escapó
4754737114386_2,aceleró
4758114885528_0,viven
4758114885528_1,elecciones
4761235951043_0,originan
4761235951043_1,final
4762847090246,Defender
47647859779,encoge
476532034110,contrató
4766291121694,neutra
4772348606324,advertido
4775529718478_1,propiciada
4775529718478_2,quedarme
4776605874557,tener
4778319071071,España
4778485703171_1,cuestionó
4780222728786_0,Stéfano
4780222728786_1,Ferrer
4780572636402,balón
4787587581638_1,IAC
47887143542_1,actual
4794699911488,posibilidad
4805341063947,ostentaba
4806129637666,parar
4817358261666,lanzar
482552361081,francés
4826967171196,demuestra
4827489144275,presunto
4830747297134_1,gusta
4830747297134_2,premio
4832397558619_1,morder
4834316818922_1,Charles
4836263528815,agradeció
4837333840417,France
4842353943650,contribuir
4845820531767,hambre
4846173445504,debe hacía
4864982855754,encuentran
486615172850,quiere
4867478512427_0,restaurar
4867478512427_1,anárquico
4869159472888_1,adoptados
4871135011481_1,previstas
4871135011481_2,leer
4872475572013,democrática
4876277641473,comenta
4886044096203_1,Pensábamos
4886627108300,medran
4887291240464,año
4890600856688,explicó
4890808524622,diario
4890982519855_1,circulaba
489570103006,advierte
4895760939085,apelan
4900841321306_0,»
4900841321306_1,Emili
4908494320289_1,introduce
4908494320289_2,rompen
4914460109512_1,Prince
4917299775121_1,definamos
4917993667088_1,añadió
4923387832963_1,explica
4923387832963_2,gran
4925493641620_0,José
4925493641620_1,Madrid
4926702925815,jugado
4929440872766,XVI
4939064392381_0,vecino
4939064392381_1,películas
494521234912,escritos
4946085557742,Merma
4959524323128,hace
4963103712611_1,destilan
496395176140,participado
4966726332749_1,publicaron
4970953051228,supondrá
4975496373251,fijar
4977502664203,luegoel
4978805556031,Impelidos
4981437935437_1,palestinos
4983082220355_0,Conoce
4983082220355_1,observaron
4983082220355_2,enCotorredondo
4983082220355_3,escogían
4988777313319_0,convertido
4988777313319_1,traslada
4988823335495_1,compañeros
4989241952964_0,Sol
4989241952964_1,Barber
4992573602531,protegerse
4995062473708,tuvo
5000237263828,ocupó
5004689161763,Madrid
5009264693656,fue
5009804573308_1,pide
5012452934290,CD
5018232225904,racistas
5026396929793,provocó
5038474565945_0,realizar
5038474565945_1,aplicando
5038798243254_1,tiene
503901086221_1,logro
5039070370916,analizar
5042865213057,chico
5044951581093,gol
5052886534966_1,aumentar
5062151485198_1,falsa
5062950636374,Kristofferson).Prince
5065645439129,presenta
5066573845181,amenazaba
5069211902431_1,acabo
5069211902431_2,Madrid
5069211902431_3,niegue
5072981321344_1,ganaron
5077014273905,ABC
5077816689806,entorno
5080693048543_0,tuvo
5080693048543_1,dejado
5088358057448_1,Apostolus
5088358057448_2,Inglaterra
5090071883779,ver
5092284130644_1,pensé
509286503308,cantante
5098217411137,medidas
5099418221525_1,comenzar
5101546617472,pierde
5111885948478_1,ve
5116402409772,estuvo
5126005526481,momento
5128999783673,realizar
5130364800652_0,DivX
5130364800652_1,Arrabal
5131403590877_0,gusta
5131403590877_1,Montzka
5132170941149,supone
5146400019965,millones
5146525050874,conocer
5149775812543,buque
5150287303491,mitad
515200865019_1,escapar
5153565447917_1,estar
5155233916477_0,girl
5155233916477_1,Bawa
5158773986929,finalizar
5159170667093,humanos
5161826705081_1,GeorgeW.Bush
5164164441410,elegida
5166705820233,doy
5171233113391,risas
5173355754198_1,rechaza
5173560663891_0,vivía
5173560663891_1,da
5173712716428_1,trocaban
5186474324027_1,controles
518732413820_0,vivió
518732413820_1,gibraltareña
5193863346991,Shakira
5206079982187,formó
5206790756232,elaborados
5209597447822_1,vi
5214795521019,reconoció
5216682961844,recibido
5218408466549,existe
5225879992188_0,tema
5225879992188_1,establecer
5226628229159_0,ido?-Llegué
5226628229159_1,tienes
5226628229159_2,conocemos
5234742841813_1,protestaron
5234742841813_2,novena
5234742841813_3,admiten
5240514545514_1,Intentamos
5240645757861,conocí
5241451764696,comerciales
5243381179515_1,amontonándose
5247080917274,vivió
5248945356569,tendría
5254433960209_1,retornar
5257746011037_1,pierde
5259428851764_1,actual
5260986138642_1,adquieren
5262908097558,Río
5264044277903_0,Prefiero dice
5264044277903_1,mal
5264467923573,empresa
526499084790,Roberto
5265534503278,permanencia
5270796279171,cielos
527205620174,nuevo
5273462532491_0,rechazado
5273462532491_1,Ejército
5276549617301,decían
5277572124725_1,sabía
5277572124725_2,gravitatorio
528318118494,texto
5283203586319,Civil
5285012607267,describe
5286153448080,consejero
5288087587132_0,"común""--"
5288087587132_1,salen
5288087587132_2,previsible
5297487535754,catarsis
530093404933,producirse
530954583799,imagen
5312258272200_1,Gloria
5312258272200_2,»
5313501036781_1,arribar
5313501036781_2,parecer
5313501036781_3,encarna
5313501036781_4,variarán
5313501036781_5,Medina
5315960565749,Astrophysics
5316886531997_0,fija
5316886531997_1,contar
5317131343851_0,reconocen
5317131343851_1,hospitales
5329010667530_0,Ciencia
5329010667530_1,Estados
5334825283705,distintas
5338657304434_0,espera
5338657304434_1,diferenciarse
534158966955_1,Navarra
5342671517914,vacía
5347191085609_1,volvería
5349615155102_1,desarrollaría
5350486184363,instaurar
5353709414392,marcharme
5354853718644_1,tardará
5356448710044,enorme
5361361676017_0,ilegales
5361361676017_1,marca
5362763343242_1,Ronaldo
5365104423231,acusados
536566232891,acompañada
5370843593915_1,participado
5371238347692_1,negro
5373022306357_1,surgen
537584352597_0,enCotorredondo
537584352597_1,negociando
537584352597_2,muerto
5376266552842,acabado
5376736753077,primer
5387225052544,españoles
5389065950753_0,disputar
5389065950753_1,pidieron
5394475372660_1,programe
5394475372660_2,Samudra
5394591581780_1,médico oficial
540227844332,desear
5415424982400,brasileño
5415942249989,encontraba
5418937731935,Gobierno
542335782033_1,Barcelona
542335782033_2,Audiencia
542335782033_3,Alger
5424351678196,extensa
5424543613333,luz
5428287153401,espíritu
542901179186_0,contrató
542901179186_1,transformaba
542901179186_2,Izquierda
5431567214789,reducirá
5431736387832_1,convirtiendo
5439865747621_1,interrumpir
5439865747621_2,noto
5445932534855,han
5447249339145,consiguieron
5447743947420_0,mata
5447743947420_1,concluyó
5448502570994_1,vivieron
545236912194,equilibrio
5455945479209,CC.OO
545912442273_0,Moscú
545912442273_1,Madrid)Humorista«Al
5460130540774_1,realizaba
5463052582622_1,hizo
5464208093113_1,lleva
5467618542359_0,reconocido
5467618542359_1,explicaron
5470110914915_1,eclesiásticas
5470110914915_2,jugado
5502042031740_1,pensó
5504413606768,espera
5505243930701,informó
5505587634214_1,otro
5507559266574_2,Prestación
5512054500638,pidió
5516764872722_1,Bolivia
5516764872722_2,Comarca
5517385299823_0,Ve
5517385299823_1,bien?-No
5520036675964_2,española
5521532513454,ponga
5527333829586,cambiar
5530059443841_1,Nochevieja
5532230739594_0,entra
5532230739594_1,aportadas
553373835344,tiene
5534871816629_0,obtener
5534871816629_1,José
5537380689787_0,acabó
5537380689787_1,toco
5537380689787_2,compensar
5537380689787_3,derivan
5545689512237,gestión
5546024962470_1,israelíes
5548612944413,incluir
5554709582354,Diagonal
5555821246954,organiza
5556937175487_1,trabajos
5560604445585,dirigió
5563698034657_0,embarrancarlo
5563698034657_1,asesorar
556378093627_1,enfatizaronque
5566589966324_1,forzar
5566589966324_2,presenta
556727846341,esperaba
5568488208422_1,año
5568856395244,aparece
5572861291670,intento
5580043174910_1,Estado
5582375844769,ministerial
5582503105925,capital
5582889801701_0,Pegaría
5582889801701_1,resumió
5582889801701_2,reacciona
5590602361859,integran
5601812634667,deja
5606792485011_1,dijo
5607326664020,escribir presentan
5617800111736,entrenador
5619690215199_0,apropiado
5619690215199_1,acusados
5623180973745,supo
5624131854039,chillando
5641005723511,hecho
5644290939248,depositarla
5646665232667_1,prolongó
564833910700_1,Rodrigo.«Maricarmen
5651215028967_0,extiende
5651215028967_1,interferir
5651342670172,sofocar
5652386241023,esperanzadores
5652492892581_0,creo
5652492892581_1,perdido
5656399448260,recuerda
5659347704047,buenas
566205012785_1,murió
566680250108_0,cruzaba
566680250108_1,convierte
566680250108_2,solicitando
5667850413863,humanos buenos
5668537718703_1,lógico
5677684308449_1,blindados
5678037566198_0,tiene
5678037566198_1,recaer
5681425888060_0,BBVA
5681425888060_1,Valdoviño
5684788175879,llevar
5684977577766_1,siendo
568657748480,financiero
5688451528458,llegó
5690893050878_1,escriturado
5692019633467,superior
5694397271772,casos
5700080162916,tumores
5707565909571,construir
5717511265064,observaron
5726370138459_1,nació querecordó
5732721917138_0,estarán
5732721917138_1,hacerlo
5736095948684,criticó
5738996698740,chillando
5742926299001_1,casadas
5743027747322,movía
574481229975_0,Navidad
574481229975_1,despedirse
5746213757254,superado
5749723370556_0,leer
5749723370556_1,advierten
5751826981267,explotar
5753504172568,fracasado
575463466494_1,tenido
575463466494_2,empezaron
575463466494_3,escondió.-
575499952537_0,recibir
575499952537_1,recurren
575499952537_2,Giovanni
5756414318278_1,extiende
576580617359_0,es enveneno.-No
576580617359_1,regulan
576580617359_2,asturiano
5768059012509,abono
5775343846523,trasladado
5777150958444,Barcelona
5784432025671_0,compra
5784432025671_1,ayudar
5786681221137_1,Arrabal
5788590993857_0,configurar
5788590993857_1,Sevilla
5788590993857_2,Santana
5795233291278,negra
5796339154753,Athletic
5798597148244,vislumbra
5799142017360,hacía
5804076299469_1,reacciones
5804076299469_2,táctico
5808918539269,Don
581863906934_0,entrenado.-Se
581863906934_1,Tony
5818825694722_1,ayer
5820653959074,apariencia
5825797441597_0,ido
5825797441597_1,malos
5830470849837,habíanpresentado
5830962899508_1,intepretarán
5842402490655,vida
5843129803124_1,laboral
5848117989879_0,dude
5848117989879_1,C.
5849776716389,originó
585340361510_1,competir
585340361510_2,acompañaba
5855859608048,vivir
5856111471217_1,Raúl
5859138555354,presenta
5860222650358,interpretar
5861742408188_1,Claro
5864039481071,Gobierno
5878116998676_0,asumir
5878116998676_1,realizado
5879379590735_1,punto
5883384966481,partir
5893304308590,estuviera
589540484378,retornar
589703801753,adultas-
5899260668645,palacio
5900625547562,negociando
5902908312982,confirmaron
5904514650668,implica
5905996809731,trata
590636021053,ordenada
5908653618465,han
5909542803683_1,Mastertrax
5912563992377,establecer
5913460735297_1,confesaba
5914081575124_1,arrestado
5915019352616,actuó
5920867141146,presta
5921592145456_1,material
5922119145139_1,interfieren
5922119145139_2,guste
5922119145139_3,Resources
5922119145139_4,Joaquín
5930408216079_0,atentar
5930408216079_1,entrado
5932303272604,echan
5932914183172_1,sacudió
5939039484515_0,echan
5939039484515_1,evitaron
594569783162_1,llevar
5948163073249,parado
5950941615666,pasado
5953066833009_0,regenerar
5953066833009_1,mejor
5960340535460_1,comencemos
5961538815170_0,Madrid
5961538815170_1,Juan
5961538815170_2,Estrecho
596166342242,descansen
5965023219711,inmediata
5965361040595_1,CC
5965791189083,quese
5972728387298,prototipo
5978298907072,derivados
5982853800630_0,Group
5982853800630_1,análisis
5986944890999,internacional
5987401282996_1,tienen
5987401282996_2,encuentran
5987551138868_0,niegan
5987551138868_1,Don
5987551138868_2,Annan
598875044464_1,mataron
5991441607710,paseó
5997617162849,llega
6000172962500_1,inmobiliaria
6003021156557,expresa
6007660623054,europea izquierdo ligada cercanos terapéuticos susocios
6007676043720,paraasistir
6012509615927,jugar
6014158002696_1,gente
6019233401936,importante?-
6020119314067_1,Cecilia
6020119314067_2,descendió
6024002369637,requieren
6025185028435,previsiones
6028043441098_1,euros
603089463184_1,Midlands
603089463184_2,inmuebles
6032839759229_0,Milagros
6032839759229_1,Serrano
6033710454184_1,denunciaron
6033710454184_2,utilizar
6035765495074_1,tenido
6035765495074_2,Alamo
6035765495074_3,Cruchaga
6037040586553,alcanzar
6038360695909,note
6038864230190_1,funciona
6044749356013,llegado
6045583446940,hablar
6048028822852,desencadenaron
6050500550030,margen
6052704080255_1,Columbia
6052704080255_2,Cataluña
6052907340035_1,crear
6060779126048,plantea
6063781625800_0,concretos
6063781625800_1,Madrid
6066935163386_1,reunió
6070102765563,construir
6072045336872,reducirá
6072150746252,resistencia
6075069859485,otorga
6075875100361_1,escribe
608056604694_0,estirar
608056604694_1,recapacitado
608056604694_2,permitan
6080790144714,relacionaba
6104205068665,animaron
6115779473227_1,enseñaba
6116238917793,sofocar
6118699297013_1,perdono
612443838248,sumergirse
6129944697164,Creo
613048143933,afanará
6130948091499,sindical
6146682386917,analizar
6153300473335_1,preste
6153300473335_2,echan
615425576658,rectificado
6157144849946,rápido
6159053636496,reptando
6160992155493,Raúl
6165963539651_1,Autonómica
6165963539651_2,Javier
6166904547890,afanaron
6167962457177,trabajar
6169817257269_0,Unión
6169817257269_1,allí
6169989020167_1,ponerle
6171727829580_1,época
617267646874,buen
6177948525353_0,explicó
6177948525353_1,haría
6178439101296_0,empezando
6178439101296_1,contar
6182367804423,jugar
6191190679479,vivirlo
6192574297610,fue
619772564103_1,hablando
6198526357774_0,destacar
6198526357774_1,jugo.-¿Sabe
620470409578_0,regaló
620470409578_1,obispos
6206443310175_0,proceso
6206443310175_1,miembros
6206443310175_2,regenerar
6206443310175_3,deeste
6206443310175_4,contribuir
6207241891773,primera
6207556909428,imputados
6210973841385,participaron
6211397550532,siente
6213026628813,entrado
6213611241558,medio
6214297964941,tenga
621512402884,imponer contratarle
6227906845805_0,quedarme
6227906845805_1,gustar
6228011761032,conserva
6232790143827,Quiero
6235255812849,administrativa
6236253317874,someter
6237039773345,convirtió
6239048230869,participaron
6241494612241,vida
624258828712_0,Madrid-
624258828712_1,he
624258828712_2,integrados
6253077053921_1,mar
6256062285456,interfieren
6259406700397_1,España
6267606714765,participamos
627468443169_0,trasladó
627468443169_1,asegura
627472812616,conocido
6279688312443,dijo
6282420102808,mujeres
6283153135801,afirman
628333036776,triste
6287220470792_0,celebrar
6287220470792_1,jugado
629392794423,sucedido
6294322280304,rebatir
6294770556489_1,San
6308869279707,negociando
6308988003783_0,Es
6308988003783_1,llevó
6314410938684_1,operacionesen
6324778703969_1,traerá
6326669179158,mató
6327101780559_1,aspira
6329271534219,Schleef
6333001544713_1,declare
6347783761634,mantenerse
6350865309037,traslada
635121299551,habitantes
6355113258347_1,parecen
6355167763793_0,operacionesen
6355167763793_1,mientra
6365804205922_1,reveló
6371700239931_1,huelga
6371700239931_2,realizado
6371700239931_3,prevenir
6371700239931_4,juega
6371893393395,Antonio
6375324355193_1,respectivos
63758666719_1,pantalón
6378540951927,programa
6387517879424,fines
6390853020484,policía necesaria
6393454392928,considera
6393715925123,actuó
6394156125641_1,conocer
6395214979968_0,hecho
6395214979968_1,es quiere
6395214979968_2,enroló
6397728909361,Kluivert
641069565650_0,confesó
641069565650_1,querecordó
6413184119942,tiene
6413844296346,enunciaría
6428261230094,celebró
6430956262351_1,Costa
6431199384149,pregunta
6433992351740_1,Sánchez
6439770777789_0,volara
6439770777789_1,agregó
6442142716081_1,presentan
6443085121840,dices
6445569171788,pasar
6453719430431_0,Madrid
6453719430431_1,islámica
6455125494602_1,extranjeros?-¿Cuál?-El
6456125602231,estándares
6462100486145,grada
646274474094_0,llegado
646274474094_1,tren
6463482904909_1,militarLa
6465159700199_0,económicas
6465159700199_1,París
6470054088802,Pérez
6470306419345,tenido
6471593799340,comenzaron
6473172111879,sabe
6474424202454,dan
6476597909015_1,Basri
6482348262816_1,viviendo
6488332232931,ocultó
6489497194186,está
6489543335571,ven
6492391681664,momento
6493799738089,realizará
6493945692353,reyes
6494634172997,asegura
6503387591582_1,dio
6503387591582_2,vacía
6506235325839,tenga
6519570124933,estás
6525680396843,mediada
6526658225832_1,estudiaran
6529512151853,Visto
6530165877762,pidió
6531293602123,defenderse
6533066787869_0,origina
6533066787869_1,tener
6533066787869_2,dar
6535566178417,Soporte
6540499275237_1,Es
6541625103260,programación
6545183534527_0,suponer
6545183534527_1,veces
6563345705094,puesta
6568004044432,sabe
6568732824115,despegar
6569677908966,dicen
6579017297240_1,presentada
6580788248029,respondiendo
6582576029204_0,adquirir
6582576029204_1,proteger
6582576029204_2,plana?Las
6582576029204_3,Raúl
658379860465_1,delictivo
6588814890365,impidió
658911115682,votado
6591341888878_1,representante
6598412176517_0,reducir
6598412176517_1,Tony
6598412176517_2,García
6598412176517_3,Mir
6602495786919,sobresaliendo
6602701174703_1,aportado
6602934763273,existe
6608116230525,privado
6611214316899_0,renunció
661207017834_1,confirmada
6613236258400,seres
6614260532455,pasado
6614523812247_1,Ayuntamientos
6617045134178,elijo
6623686951748_0,superior.-
6623686951748_1,bueno
6625372138772,contratos
6625651603248,propio
6643144166495_0,Es
6643144166495_1,entender
664433203954_1,anunciado
6645241111056,sancionados
6647880719229,indicó
6649272292219,importante
6649861879808_1,Ve
6653536844528,novedad
6662953064149,parecer
6664676018090,originó
6669660081274,tecnológico
6677750812297,vestía
6686983566167,combate
6690133621068,Merak
669111017673,tenemos.-Bueno
6694742243284_1,explicó
6694742243284_2,grumos
6695553132541_1,fallando
6695553132541_2,Miriam
6696765038872_0,palabras horarios
6696765038872_1,entiendeque
6697222084121,escapar
6697607356656,formaba
6701349995149_1,presidió
6702232111231,evitar
6702668711254,castrenses
6704111007870_0,probó
6704111007870_1,Victoria
6705037927669,subrayaron
6705289001140_0,rechazó
6705289001140_1,calmar
6705289001140_2,arma
6705336392930,abono.-
6709274410224,da
6715993394919_0,mejorando
6715993394919_1,adultas-
6715993394919_2,Ibex
6717107765130_1,lidiar
6723806386723_0,participan
6723806386723_1,dar
672844920843_0,música
672844920843_1,bolillos
6731456974406,repetir
6733432571674,inofensivo
6737841539265_1,niegan
6737841539265_2,decidido
6743794167543_1,tropieza
6747529173690,premios
6752685390032_0,jazzística
6752685390032_1,Ambiente
6755539485808_0,Montes
6755539485808_1,José
6757086539877,tuvimos
6762364234144_1,buenas
6768411533122,ex técnico cercado reciente casado
6770860481734_1,hizo
6770860481734_2,potenciar
6773088212726,fracasado
67741161539_1,ideal
6780267598885,Telecom
6784555831396_0,avanzó
6784555831396_1,supuso
6784555831396_2,hablar
6784555831396_3,manera.-¿Cree
6788842158075,contemplar
6790108220664,esclarecerá
6791604765553_1,dejándole
6805134825070_0,principal
6805134825070_1,creo
6809463574165_0,reconoció
6809463574165_1,fueron desarrollar
6815853645544,captura
6818334394402_1,Son
6824707467819,situarlos
6828676383615,concentrará
6832058969902,Dios
6843510786831,contaminada
6845225506938,dada
6846304056461,armónico
6846573757750_0,alertaron
6846573757750_1,PAMPLONA
6847860393951,establece
6851467587625,sacaría
685584399447,afirmó
6856602784403_1,sería crear
6858009445452,imagen
6860773003441_0,participó
6860773003441_1,preparar mantuvo
686771043159,disfuncional
687186054723,establecer
688196784615_0,Sur
688196784615_1,Joan
6883738474304,marque
6891790012733,hacía
6898019563373_0,mantuvo
6898019563373_1,imputándoles
6902991293495,cierra
6903552128871_0,dieron aprendió
6903552128871_1,cumplir
6906805311706,mete
6908001859519_1,confirmados
6908237317675,tenía
6911517946763,reconocido
6917553735794,evitaron
6918642086159_1,alcanzar
6918642086159_2,tocado
6918994042851_1,contribuir
6919303248667,justificar
6929798749098_1,incrementar
6929798749098_2,gallegas
6930314995602,iniciarse
6935856889642,mejor
6936870164390,afirmó
6937626836502_1,buscar
6937626836502_2,negando
6944945048838_0,manifestaba
6944945048838_1,mejorando
6944945048838_2,pensado
694682847048,Hugh
6950259001404,atraía?-
6959794671539,abandonaron
6960110558002,lasestructuras
6962180015488_1,Medio
6964416800326,permitiera
6968015016871_1,obtener
6968015016871_2,valores Aviación
6973539594648_1,Real
6973539594648_2,Plaza
698084920184,decimoseptimo nueva acusados claras sindical médica
6980870533806,marcado
6986801685588,sólida
6991142497865_0,plata
6991142497865_1,decisivo
6994048247394_0,corresponde
6994048247394_1,quedado
7012174763119_0,siendo
7012174763119_1,revalorizado
7020381711846_1,cambió
7027139912829,figura
7027579091860_1,presentes
7033487074500,hablando
7033500512018,maldicen
7037607758604_1,función
7042195262000,circulaba
7044637457857,traer
7045068435256_1,factible
7045068435256_2,avecina
7046085960315_1,puntos
7046085960315_2,sumó
7050472255868,explicar
7053128232765_1,contaminación
7053128232765_2,Tambourine
7053128232765_3,perder
7056548569004_0,proyecto
7056548569004_1,prevé
7056548569004_2,aumentar
7056548569004_3,continúe
7056548569004_4,conjurar
7062980841286,dijo
7067579849150,habla
706764183466,apretar
7072292546749_0,Destacó
7072292546749_1,Román
7074155562136,órganos
7076149108373,perdono
7080925898315_1,Mundo
7086407410051_1,dirige
7088649082807,pesan
7094329731586_1,condenados
7095150033956,sostuvo
7100432893992_1,medran
7102341936740_0,desarrollará
7102341936740_1,mató
7102385929738,actualiza
7103642530106,cambiar
7104225652748,alcanzar
7113000048022,cargar
7118743249782,practican
7119285307411_1,programaba
7119285307411_2,J1655
7119579065575_1,volvía
7119579065575_2,exige
7120172443876,PAMPLONA
7120185353242_0,Albacete
7120185353242_1,tiene
7127369249757,trepar?-No
7134313825180,error
7135856826042,reclama
7136733203411,dejándole
7140238264737,saberlo
7149356990006,brasileña
7154531863233,cuenta
7156691264592,debate
7161169618425,acudieron
7167460762573,corresponden
7167759394805_1,Santander
7172781480321,publicó
7173686670823_1,darle
7173686670823_3,Escuela
7173686670823_4,Centro
7175247189794,tuvo
7182676689282,dice
7192758765254,ganar
7193162279238_1,Lasidentidades
7193370525858,seres
7202438942583_0,significa
7202438942583_1,tiene?-Bueno
7206441752860_0,confía
7206441752860_1,estrenó
7208024920756,mantener
7213397607879_1,familiar
7214723992504,pasa
7217417941948,optar
7218253501600,tratar
7224773345737_1,aplicar
7227372861726_0,también
7227372861726_1,hispano
7229635370381_0,tiene
7229635370381_1,desesperar
7236630916994_0,olvidado
7236630916994_1,Natividad
7240259603258,hizo
7240569065118,CSU
7247839353587,top
7249164433457,siendo ha
7251898959577_1,confesó
7255153230176,excluir
7255641465135_0,desconfiado
7255641465135_1,suscrito
7259922486533_1,denunciar
7269540332362_0,contrasta
7269540332362_1,suicida
7272966477981_1,manifestó
7272966477981_2,Ciudad
727326407811_0,cambiar
727326407811_1,tocando
7275574068246,formaba
7282793325978,Necesitaremos
7284690703039_1,programaba
7285851691627_1,perdieron
7286170474597_1,disfruten
7286170474597_2,Ángel
7287858123763,plena
7292925067305,2003
7302233012890_1,Montreal
7303581899594,hay dice
7310282628198,denuncia
7310766163194_1,recuperar
7311930625493,largo
7311993511654,Unión
7312769290578,enfrentado
7315040980922,pública
7316558866208_1,Madrid
732207993010_1,impedían
732207993010_2,belleza Fiscalía
7328300889536,comenta
7334617576946,certificado
7335194990722,parado
7336947181060,acusan
7337783807939,Autonomías
733823184513,Desde
7340702433172,escucharle
7342658258269,mantuvo
7343538162870,enfrenta
7346905317514,privatizado
7349910899705,decisiones
7354186057831,integran
7357307499410_1,CD
7357307499410_2,España
7360157428207_1,Liceo?-Me
7360157428207_2,Orquesta
7360157428207_3,Luis
7364830100324_1,dijo
7364830100324_2,vivir
7366830357965,añade
7369251273123,creo
7370929313033_1,Madrid
7378176270707_0,desea
7380856533836,advertido
7380890606310_1,girl
7380899749766,gobiernan
7382831767005,comenzaron
7384880384902,encargado
7389360861886,otro».Con
7391594491239,sucesión
7404507220569_0,dice
7404507220569_1,fácil
7409494730068_1,Ericsson
7414107463872,imposible
7416398820718_1,"solvencia mundo"".Destacó"
7416398820718_2,Barcelona
7417016864739,surge
7417429287638_1,aguantaron
7419918936789_1,tienen
7419918936789_2,voy
7421968271701_1,abre
7425934348813,dictado
7426210656510,Israelian
7426294810905_1,dicen
742736292347,Sucede
7428380463067_0,juega
7428380463067_1,contar
7431862133433,perder
7437018302732_0,apoya
7437018302732_1,traumatizó
7437018302732_2,desempeñado
744037749532_1,conlleva
744037749532_2,secretario Mute
7447637191783,estado
7455362647820,clínica
7456328717067,ypolicías
745641473373,introducir
7458989670862_0,cerrar
7458989670862_1,animó
7461734685504,destaca
7474359281817,increíble
7475979557447_1,fue
7476640886225_1,canina
747746100916,tiene
7480731123409_0,importantes
7480731123409_1,muletazos
7481756717306,dirige
7487215654415_0,entiende
7487215654415_1,visitado
7487754719626,olvidado
7493132018445_1,tienen
7497835591823_0,fijó
7497835591823_1,realizó
7499886643579_1,Autonomías
7499886643579_2,situación
7504232703517,plantea
751014999937_0,mete
751014999937_1,trabajando
7515287034027,relacionan
7519025959202,han
752019619628_1,desalojado
7520856793544_0,circunstancias
7520856793544_1,emergencia
7524757892892_1,basanda
7524757892892_2,orden
7525169858977_0,acercar
7525169858977_1,Aseguró
7526461858278,aquí?-Mucho
7527752142115_0,israelíes
7527752142115_1,fue
7533050541474,tener
753451131858_1,Lola
7537308529909_0,Jugaría
7537308529909_1,vivido
754025700882_1,conjuntos
7542986189710_1,encabezado
7542986189710_2,forma
7544937840471,lógico
7547848914972_1,aplicando
7549343134919,experimentos
7552561041257_1,chillando
7552561041257_2,fijar
7560643953132_1,intento
7562549874064_1,sucedido
7564110620561,Encauzar
7576122476244_0,supervisar
7576122476244_1,intentado
7585568854165,desencadenaron
7587977099718,reflejan
7595191164002_1,Costa
760122942093,no
7606381014083,ganaba
7606713965970,británico segoviano
7606767563761,vivía
7607242464098_0,Zabala
7607242464098_1,Fernando
7608030732424_1,visto
7617938968431_1,creo
7619013382046_0,mujer
7619013382046_1,gusta
7620342034041,mantuvo
7622114032002_1,murió
7630071679333,jugar
7634769578577_1,coaligada
7638304980873,Johnhawk
7645719809098_1,recordar
7645800219232_1,teniente
7646662886098,música
7649114424352,depositados apostó
7653243146942,suelo
7662738608372,seguirá
766663960963,estado
767117134940_0,Consello
767117134940_1,York
7675042147114,obtener
7676184004391_0,suministros
7676184004391_1,jugar
768081458644,estás
7682401840165_1,Ronaldo
7687796258142,pesar
7690981596478,botín
7692755622611,apropiado
7695651954321,precisó
770037408770_1,prolonga
770037408770_2,Drunk Ejército
770143362790_0,Experiencia
770143362790_1,Río
770143362790_2,prevé
770143362790_3,sumergirse
770143362790_4,desencadenaron
770143362790_5,alternado
7702004593936,hizo
7705418000486,desembarcados
7712309142202_0,productividad
7712309142202_1,Carlos
7715517910680_1,Mozart
7722563635283,volver
7722584220806_1,público
7727769427321,hace
7731138042522,forman
7734908336479_0,guió
7734908336479_1,venció
7736796364350,rigurosa
7744125074454,exportaciones
7746657823946,pague
7750871839927_0,Ronaldo
7750871839927_1,Sidney
7750871839927_2,CascoViejo
7756581526111_1,firmaban
7756581526111_2,cumple
7757457037028,María
7763700370883,transporte
776403768686_1,irlandés
7777806997349_1,Hacienda
7788352704141_1,representativa
7788352704141_2,excluir
7788352704141_3,felicitó
7788352704141_4,eliminar
7795613806260_0,excitan
7795613806260_1,incluidos
7802817783925_1,CASA
7802817783925_2,Mundial
7805256111943_1,innumerables
7806195419152,pide
7807826052466_1,sufrió
780788790090_1,distinto
7810371938167_1,terminar
7817395244414,perder
7822920276666_1,Memorandum
7823162819515,cuestan
7823834368977,digo
7825407545871,imagino
7825479083423,seimpongan
7826810234817,fabricación
7832397846878_0,redactar
7832397846878_1,MADRID
7833269312214,Annan
783330217576_1,MesoneroMayor
7833990134271,romper
7836505650948,ganó
7836774106625,formó
7838782104008,prodigio».Y absoluto
7840186820891,requiere
7854600095094,consiguieron
7856959442579_0,dependerá
7856959442579_1,tratados
7863343233864,volcar
7863491982733_0,originó
7863491982733_1,prevenir
7865305002355_1,ampliar
7866319105357_1,hablando
786870463619_1,Asegura
7869230555787,luchan
7876818236147,Fondo
7879241155269_0,revalidado
7879241155269_1,trascurso
7879241155269_2,tiene
7879241155269_3,Madrid
7879359724075_0,bate
7879359724075_1,erótica
7879359724075_2,Colomer
7879915980005,fueron
7886454914931,realización
7887196551534_1,afectaría
7889423514944,confesaba
789122731378,sublime
789139876980,insistió
7892415749377,afrontado
7892966605756_1,seguidas
7894432544542,resumió
790025671494_1,vender
790025671494_2,aprovechar
790025671494_3,aprendió
7902887083394,jueguen
7903591161304_1,descifrar
7903591161304_2,hace
7914193634682,tomado
791579788302,buen
7916947776257,galardonado
7917556724058_1,ponerle
7917556724058_2,anunciará
7919880488473,Carlos
7921298501920_0,Liga
7921298501920_1,cuestan
793466625393,pregunta
7936371558306,conseguir
7938027482364_0,Ronaldo
7938027482364_1,Cruz
7938027482364_2,Apostolus
7949899550943_0,PP
7949899550943_1,Arrabal
7950704554383,vivido
795109466956,atentar
7951453776383_0,Bilbao
7951453776383_1,Madrid
7958439199277,proyecto lossabotajes
7959216383283,amar
7963068062444,responsabilidad
7965264238503,fijan
7966927539318,aspira
7968473078651,tuve
7972399077945_1,preferí
7981496519197_1,mes
7981496519197_2,quisieran
7981496519197_3,España.-Este
7985599827037,ven
79992338,no
8002797273643,julio
8011437694755_0,confirmada
8011437694755_1,pongo
8018230846164_1,Europa
8018230846164_2,Zidane
8030084348614,asumieron
8030363607962,participaba
8032809704866,hacer
8033071330426_0,Resources
8033071330426_1,prevenir
8033071330426_2,propusieron
8037997882471,básica
8042089749971,ocurrió
8044992664670,hacer?En
8049934008779_1,WASHINGTON
8049934008779_2,Luis
8053064170814,estrena
8060272049428,querido
8062683089994_1,Sur
8062808673018,Numancia
8064033664027,campo
8064459410707,prosiguieron
8075500156492,convierte
8075736047380,solicitó
8077209330056_1,tememos
8081034677905_0,explica
8081034677905_1,Gaal
8082190367943_1,han
8083093994019,confundir
8085339485464,asesinar
8086340275576_0,desprende
8086340275576_1,tienen
8087941097157,acepta
8091577650129_1,tengo
811180930015_0,tenía
811180930015_1,planteó
8113798747073,confirmará
8118877564415,sabe
8119400478910,ministerios
8121951270193,Miriam
8122675003284,bebiéndose
8126924569193_1,tachado
8130075222133,hijo
8131563389388,Eurofighter
8140221423676,ganar
8140565377865,cierra
8142110118452,puesto
8143632075493,señaló
8146322476905_0,sabe
8146322476905_1,vivía
8147385407402,ha entender
8155102774499_1,Barcelona
8155102774499_2,operaban
8166380385143,seducir
817383898851_0,utilicen
817383898851_1,extender
817383898851_2,cumpliendo
8176118636342,abrir
8177703753811_1,revalorizado
8183844409597,olvidado
8186644287926_0,conocer
8186644287926_1,forma
8195810858322_0,contar
8195810858322_1,tenido
8196700996524_0,Lequio
8196700996524_1,Riquelme
8197971552788_1,Mexía
8204786476646,quería
8207683928132,podría espera
8215310223919,desalojado
8215975631561,hecho
8221253502744,medidas
8221350983971_1,curso
8221350983971_2,atendidas
8221350983971_3,gran
8222858362505_0,abril
8222858362505_1,plena
8228122926949,carecí
8229804346149_0,UNRWA
8229804346149_1,mantenga
823042593756,muere
8234713211948,llegó
8237374068236_0,llena
8237374068236_1,Arnopol
8238141034733,interese
8242721534771,haber
8243092013703,censurable
8246567041472_0,separar
8246567041472_1,evacuados
8259706251517,contentarse
8277013202405_0,juega
8277013202405_1,condenados
8279343919882_0,Montreal
8279343919882_1,Haciendas
8287223686409,protagonizada
8287770744435,quejaba
8290653234526_0,defendida
8290653234526_1,decretó
8294371812956,primera
8299777661367,sacar
8301737324001_1,detenidos
8307234142895_1,Don
8307234142895_2,despegar
8307565383623_1,introducir
8310486313582_1,especialmente
8311894679929,estudian
832221105614,dicen
8327441497169_1,Patrick
83277393019_0,sexo
83277393019_1,Arnaldo
83277393019_2,Torlonia
8328271685224_1,independiente
833309774994,dio
833568158438_0,Xunta
833568158438_1,marea
8335806588216,comoafrontar
8345113479156,conseguir
8350582613138_1,Supremo
8359502797072,entrenadores
8363315273601,sufrió
8370574108389,igualado
8370637955023,realizó
8372633250520,Defender
8373586136029,logrado
8388803569562,Reino
8394519306146_1,recapacitado
8394519306146_2,imputados
8394519306146_3,abrir
839688185103_0,estimaciones
839688185103_1,enseña
8403373316166,Covite-
8403737145290,artículo
8404261458327_0,hacerse
8404261458327_1,Ética
8409281245206,Sidney
8413477667058,capitaneadas reconoció
8413539391413,tenemos
8416519683980,separar
8427295260559_1,Moneo
8427295260559_2,Marvin
8427295260559_3,dijeron
8427537758744,películas
8432615331876_1,fuerte
8433083274708,piensan
8434307984621_1,eliminarían
8440849230734_0,habían
8440849230734_1,tren
8448893518564,actuó
8454260865502,habló
845649113726,auto
8456800612491_1,estás
845687621796,publicar
846039985109,Brasil
8463284669228,pudo
8464955683297,leer
8467913995577,celebró
8467944155099,manejaba
8469966547224_1,habrá
8471665868464,anticipa
8474788465463_1,comenta
8474788465463_2,tipo
8474842741440,llevar
8477714606630,olvida
8480919745985,podría encontraron
8481014570601_1,Farmaindustria
8491349937806,Jinámar
8493280068393_1,hechos
8493280068393_2,hecho
8498197028941,hecho
8498315652099,ruso
8505358302425,tomado
8506971869542,asumir
8507672362904_0,capitaneadas
8507672362904_1,sucedido
8509628193922,gravesaltercados
851293380725,prepara
8514425374550,llevar
852534675933,industrias grandes
8531017162410,rechazó
8531479289663,escogían
8532743896419_1,mereció
8532761763389_0,sufre
8532761763389_1,Alger
8533478016601,darle
8536421956310,terremoto
8539548635070_0,generar
8539548635070_1,Sánchez
8540130337807,resultaron
8543336860332_1,ilesos
8545600145064,pasa
8545793107229,avecina
8549890468341,estrella.-
8554589568329_0,Urrutikoetxea
8554589568329_1,verse
8554589568329_2,EFE
8559986884520,desarrollar
8560900101564,dicen
8566880670107_1,originan
8566880670107_2,producirse
8570308155182,duro
8574597114424,accedió
8579726677697,interpretar
8580809884529,hizo
8582824066408,condenado
859164173776_1,paro
8592257852883_0,lavar
8592257852883_1,Kaduna
8592833143659_1,decidió
8592833143659_2,motivar
8592833143659_3,brasileñas
8596964195354_1,concede
860083945496,encuentran
860700048793,dirige
8609804061081,costado
8609870907855,produjo
8610214688849,dificultó
8610837554264,humano
8612009447337,recogidas
8614585465922,relató
8619765647209,cita
8622793238059,eliminar
8631748290957,entrar
8639828896071_0,Clyde
8639828896071_1,Ciencia
8639828896071_2,RealMadrid
8641702314521,hecho
8649067641003,originó
865486260455,hacía
8657718428771,otrascausas
8659899006919_1,causó
8659899006919_2,marítimas
8659899006919_3,vendiendo
866030151124,añadió
8666924704633,sufrir
8668821884131,excelencia
8671775612329_0,leer
8671775612329_1,traumatizó
8671775612329_2,defendía
8674084496846,falleció
867552121385_0,Montoro
867552121385_1,Fernando
8685873830803,Science
868681451056,inagotable
8688639102910_1,«
8689250147061_0,dijo
8689250147061_1,castigada
8697173704035,dice
8698490939751_0,entregado
8698490939751_1,dice
8704714319518_1,mejor
8713307707551,resolvieron
8715118171740_1,convierte
8718382192473_1,demostrado
8720818987458,Europa
8722955908359,trepar?-No
872460125520,materializan
8726339128058,aprovechar
8726926889344_0,Policía
8726926889344_1,millones
8726926889344_2,dijo
8726968514361_1,refuerzos
8731283868592_0,evoluciona
8731283868592_1,quedando
8733085173141,ejercitaron
8740416452628,sacar
8744913119718,interfieren
8746202469239,salido
8748013404105,subrayó
8755773618076,accidente
8758818877600_1,renunciar
8758818877600_2,trámite
8764164948362_1,rigurosa
8768379050974,superar
8770345009447_1,preguión
8772200146007_1,llega
8772585334615,absorbida
8774767867611,haciendo
8775888501913,relató
8784273583328_1,embarrancarlo
8790137279969,considerar
8791220609230,presenta
8800656024108,dijo
8803050864278,recuerda
8809796001654,mujer
8813299136521,suponer
8813822112217,Rey
8818281300801,llegar
8832918774741,póstumo
8837112465179,humana
8841568915704_0,fue
8841568915704_1,llevaba
8841799192579_1,gustó
8849709775399,llevaba
8854536268298,confirmó
8863118037613_0,Lierni
8863118037613_1,presentada
8865224153314,caballería
886665652216,cierto
8868341325689,vender
8873538026527_1,calmar
8876793502617,celebró
8883628579624,ganó
8884391244234,va
8887232704681_1,desplazadoshasta
8888578398369,detuvieron
8896967072435,viernes
890894494073_1,hemos
8924114708494_0,logró
8924114708494_1,Dicen
892778000012,obtener
8930339328321_1,tener
8930339328321_2,ETA
8931737211706_1,expandieron
8937877873807_1,saltando
8942025209903,mayo
8946339318771,entiendeque
8951085312099,administrar
8955941922423_0,atraviesan
8955941922423_1,vamos vive
8957965631069,Ayuntamientos
8965106718182,dar
896603734933,viajarán
8967388142967_1,afanará
8970767720753,eliminó
8984606071715,cuestionó
8984808769383,ganar
8986217541818,estudiará
8989821127105_0,dijo
8989821127105_1,cambios
8994999652034_0,Fool
8994999652034_1,Iglesias
8995441132481,encontramos
8996637018262_0,sacar
8996637018262_1,conlleva
8997177045759_1,ex
8997177045759_2,operación
8997177045759_3,primer
8999791112436_0,Day
8999791112436_1,oil
9002188100175,Somoza
9002217632190,continuaron
9003930901662,tengo
9008359542988,escritor
9008720067899_1,tener
9009803778666,otorga
9016938525782,llevó
9018514188853_1,impulsado
9020867310166,posible
9026597666456_1,pop
9032501670437_1,importante
9033448748603_0,sabe
9033448748603_1,coinciden
9033448748603_2,categoría
9038930296952,tuvo
9043299446715,Ronaldo
9044941896317_0,niegan
9044941896317_1,etarra
9048358949984,notables
9055062869870,detectar
9057159365247_0,ganar
9057159365247_1,emprendiendo
906067299801,digamos
9063558375886,británico
9063796347521,momento
9070315963696_1,registrará
9070315963696_2,amanecerá
9070315963696_3,entrar
9070486538909,español
9080290601417_0,complementaria
9080290601417_1,Palacios
9087457659463,da
9091100133123,pensado
9092123469121_0,llamarse
9092123469121_1,tenga
9092123469121_2,arrestado
9092252425810,Olmo
9092954049919,espaciadas
909995548792_1,advirtió
9105307936399,decretó
9107429411171_0,peligro».Por
9107429411171_1,domadores
9109092933957_1,interferir
9110057273107,robar
9112884443597_1,Madrid
9112884443597_2,confería
9114198472218,plantea
9135208098369_0,fue obtener
9135208098369_1,decían
9135208098369_2,Noviembre
9135208098369_3,genético
9140125054415_1,disperse
9140125054415_2,buscar
914340507165_0,ha
914340507165_1,desarrollar
9145255999784,argumentó
9147308083266_1,comenzar
9151461782767,presentó
9151681513629_1,falleció
9153345055314,trata
9154438967271,aseguran
9172324281082,infectar
9173849194456,participantesen
917715766023,sociólogo
9178560234808,ósea anual
9181149319418,trajo
9183937650848,aplicando
918980435633_1,consideran
9190212292845_1,estrelló
9191864475715,concreta
9194179853628,indicó
9194571738149,Makelele
9194584632887_0,confirmaron
9194584632887_1,conseguí
9199365931774_1,Barber
9208357307046,creo
9210800941651,cambio
9211698600020,condiciona
9212752569821_0,noenjuicia
9212752569821_1,destacó
9212752569821_2,quedado
9212752569821_3,mejorando
921332201501,explica
9216947423047_1,prestigiosos
9219405560177,vuela
9219927853800_0,Prefiero
9219927853800_1,mariquita
9220402515543,príncipe
9231630178691,texto
9233399815893,ocurrió
9245716091261,rechazado
9247449396019_0,realizar
9247449396019_1,convivir
9252514366171_0,subían triunfar
9252514366171_1,joven
9260729745200_1,permaneció
9272037145239,cielos
9272878841030_1,Compadezco
9280027439087,peligroso
9287170213569,doy
9288702342328,impuestos
9289036723635_1,pasado
9289036723635_2,falta
9293969782307_1,trajo
929582746017_1,explicó
9295950937051_0,Don
9295950937051_1,Arteta
9295950937051_2,Galdakao
9312119438804_0,semana
9312119438804_1,seleccionado
9317733648558,concurso
9319079841287_0,expulsan
9319079841287_1,concreta
9321718620770,consideración
9329453214637,situará
9330858576763,ideas
933281379789,ver
9333410892666_1,afirmó
9336994821888_0,llenará
9336994821888_1,cruzaba
9337379951501_1,volar
9337987200362_1,Brasil
9343744873139_0,reyes
9343744873139_1,es
9346781384005_1,iniciado
9346781384005_2,evolutivas
9348135356634,blanco
9350439801947,formar
9352881186161,llenar
9354900341499,reyes
9357339208240,dejado hacer
9357443846939,originar
9359851206045,suficiente
936579336246_0,Madrid
936579336246_1,Japón
9367075921656,procura
9372630397876,Zidane
9375236387491,participar
9376908102031,entró
9378714933589_1,José
9378714933589_2,barrer
9379238480079,toro
9380855496342_1,incluyen
9380855496342_2,WASHINGTON
938124668401_1,viven
938654508790,logro
9387050709350,ondeando
9397795373744,volver
9400233285604,dosis
9406903668339,reunir
9418968836373,dado
9431728370377,guste
9433823625648,pagaría
9434159944589_1,Anderson
9438723214078_1,regulan
9441547106738,convertirse
9454130244674,Koutsky
9461142284902_1,stalinismo
9461142284902_2,PSOE
9461142284902_3,tuvo
9462013874151_1,amenazaba
9462881177066,realización
9462959500788,tuvo
9463479298738,cayó
946949945702,tienen
9469866402542,colocó
9476974153453,llamarse
9478317301789,pueblo
9484984044744,explicó
9488017248336,advierte
9491686396300_1,limitado
949633816911,mundo
9496469156632,dice
9498565393459_0,también
9498565393459_1,jugar
9502142014689,tren
9511077070257,definen
9515344243988,llega
9515905240473_1,tuvo
9515905240473_2,Madrid
951894163393,detener
952976541685_1,creativas
9530954002774_0,perder
9530954002774_1,DVD
9531523375990_1,tuvo
954292854425_0,ambiental
954292854425_1,Anchuras
954292854425_2,corriente
9546886700910,enero
9547767516966_1,resolver
9548201872004,aparecieron
9550654638794,cumple
9551973646778,consigue
9559213639849,explicó
9561691180954,acusa
95687049377,subrayó
9572144679165,flexibilización
9577579180620,pidió
9580492693269_1,Go
9583580533659_0,Serrano
9583580533659_1,desencadenaron
9583580533659_2,Consejo
9585296439931_1,España
9595488210609_1,compró
9604439603277,creo
9610942202743,Solicita
961117221155,impulsor
961213736269_0,residentesen
961213736269_1,reclamando
961213736269_2,Solicita
9612943050695_0,Lequio
9612943050695_1,llega
9613493115614,total
9615778983106_1,´
9615778983106_2,dieron
9619157051107_1,determinar
9619157051107_2,Laxe
9619343587341,Miike
9619587434093,códigos
962979748902_1,asegurasen
9634605448637,ilusión
9635726064411,empresario
9637002180567,zona
9642820549468,ocurrido
9644806114262_1,temblor
9644806114262_2,quiere
9644806114262_3,tenía
9644806114262_4,ponía
9649164627952,confiesan
9652066885087,Madrid
966205735023,gala
9667297254078,coste
9671753046801_1,"veinte""Rusia"
9671753046801_2,representa
9673750317680,tendrán
9675657968628,cree
9676013272606_1,Abbas
9678721688162_0,destacó
9678721688162_1,vacía
9680820031940,señaló
968090689298,mañana
9680961388529,mueve
9683216585552_0,pasajes
9683216585552_1,rescisión
9696115264516,temporada
9710246198385,realizado
9710443225346_1,campeona
9712189920197_1,es
9714338453237,visto
9716396100713,añadió
9724788643097,cayó
9725322790464_1,Palmas
9725322790464_2,tenido
9725322790464_3,ostentaba
972812401575_0,sabe
972812401575_1,terminó
9734957266244,saldrá
9735386899242,Tribunal
9739371647944,salieran
9741161512288_1,años.-Sí
9752860694781,otrora
9755002008063,sacudió
9759666724869_1,adoptarán
9761944271494,tasa
9762406002420,junio
9766931279233_1,»
9766931279233_2,España
9769823933522,Mirabel
9780968643999,Alex
9784932252620,José
9784993492035_1,detuvo
9788545789881,kilos
979130278449,manifestó
9796967221215_1,dice
9796967221215_2,mueve
9796967221215_3,especialistas
9800740082803_1,opuso
9800833140576,administrar
9803693966358_0,notarse
9803693966358_1,prisión
9804897829499,cambiado
9805734395215_0,composición
9805734395215_1,quiero
9806901535877_1,dejado
9807327221758,volar
9814460898479,periodo
9814560172889_0,crean
9814560172889_1,reproducir
9814560172889_2,Vila
9815305571955,cedió
9816893010910_1,gusta
9824402084173_1,igual
9833794593359,guste
9835748259523,acabó
9837253699940_1,tendrán
9838958701133_1,científica
9838976682887,tendremos
9842730917812,afrenta
984316905089_1,acercara
9843311945825,tesis
9846914664072,advirtió
9849286671547,guiarme
9851216067172,mediada
9856145813615,Patricia
9859560775426_1,recordaba
9859560775426_2,Tel
9865221651086_1,realizó
9866970076871,supuesto
9869628233329_1,hemos
9873836106954_0,dejó
9873836106954_1,visita
9881961670282,consideración
9882665786883,traduzco
9891512211323,forma
9898833379540,Aire
9899377309450_1,Piqué
9899377309450_2,Geovanni
9901285480912_1,fuera
9905909645587,obtener
9911257993493,esclarecerá
9911355569590,ingresado
9913848142574,procedimientos
9919432316320,asesinar
9925018941978_1,Villagarcía
9930593317213_0,asegura
9930593317213_1,aprovechar
9933085889584_1,Washington
9935327029432,puesto
9941615683181,alimento
9942161897787,capacidad
9942635602536,ganado
9943935759226,demuestra
9944529729425,minimizar
9953489179301,Manuel
9953490933324,añadió
9958729288926_1,resulta
9958729288926_2,amplia
9962582556623,tentado
9972825759104,explicaron
9976467529212,elaborando
9980677565725,llega
9980914782522_0,da
9980914782522_1,son estimó
9985354803732_1,considera
9985914481834_0,Vera
9985914481834_1,Sepla
9985914481834_2,puerta
999285751546,visto
9993237053537_0,decidió
9993237053537_1,afrontado
9993237053537_2,dirigía
9993237053537_3,humanos
9998563674489,Sánchez
